sample,value,step,direction,file,Step
Pos_ctrl_rep1_F1_filt.fastq.gz,16105,ASV,Both,Both,ASV
Pos_ctrl_rep1_R1_filt.fastq.gz,9573,ASV,Both,Both,ASV
Pos_ctrl_rep2_F1_filt.fastq.gz,21200,ASV,Both,Both,ASV
Pos_ctrl_rep2_R1_filt.fastq.gz,13609,ASV,Both,Both,ASV
Pos_ctrl_rep3_F1_filt.fastq.gz,29919,ASV,Both,Both,ASV
Pos_ctrl_rep3_R1_filt.fastq.gz,16897,ASV,Both,Both,ASV
Ri1.1P_rep1_F1_filt.fastq.gz,21902,ASV,Both,Both,ASV
Ri1.1P_rep1_R1_filt.fastq.gz,14531,ASV,Both,Both,ASV
Ri1.1P_rep2_F1_filt.fastq.gz,28553,ASV,Both,Both,ASV
Ri1.1P_rep2_R1_filt.fastq.gz,20918,ASV,Both,Both,ASV
Ri1.1P_rep3_F1_filt.fastq.gz,23311,ASV,Both,Both,ASV
Ri1.1P_rep3_R1_filt.fastq.gz,17824,ASV,Both,Both,ASV
Ri1.1V_rep1_F1_filt.fastq.gz,23033,ASV,Both,Both,ASV
Ri1.1V_rep1_R1_filt.fastq.gz,13629,ASV,Both,Both,ASV
Ri1.1V_rep2_F1_filt.fastq.gz,25253,ASV,Both,Both,ASV
Ri1.1V_rep2_R1_filt.fastq.gz,20341,ASV,Both,Both,ASV
Ri1.1V_rep3_F1_filt.fastq.gz,27753,ASV,Both,Both,ASV
Ri1.1V_rep3_R1_filt.fastq.gz,19461,ASV,Both,Both,ASV
Ri1.2P_rep1_F1_filt.fastq.gz,25870,ASV,Both,Both,ASV
Ri1.2P_rep1_R1_filt.fastq.gz,21574,ASV,Both,Both,ASV
Ri1.2P_rep2_F1_filt.fastq.gz,32675,ASV,Both,Both,ASV
Ri1.2P_rep2_R1_filt.fastq.gz,21781,ASV,Both,Both,ASV
Ri1.2P_rep3_F1_filt.fastq.gz,34694,ASV,Both,Both,ASV
Ri1.2P_rep3_R1_filt.fastq.gz,26250,ASV,Both,Both,ASV
Ri1.2V_rep1_F1_filt.fastq.gz,26460,ASV,Both,Both,ASV
Ri1.2V_rep1_R1_filt.fastq.gz,20106,ASV,Both,Both,ASV
Ri1.2V_rep2_F1_filt.fastq.gz,22925,ASV,Both,Both,ASV
Ri1.2V_rep2_R1_filt.fastq.gz,14648,ASV,Both,Both,ASV
Ri1.2V_rep3_F1_filt.fastq.gz,22105,ASV,Both,Both,ASV
Ri1.2V_rep3_R1_filt.fastq.gz,15126,ASV,Both,Both,ASV
Ri1.3P_rep1_F1_filt.fastq.gz,22342,ASV,Both,Both,ASV
Ri1.3P_rep1_R1_filt.fastq.gz,18937,ASV,Both,Both,ASV
Ri1.3P_rep2_F1_filt.fastq.gz,14883,ASV,Both,Both,ASV
Ri1.3P_rep2_R1_filt.fastq.gz,12637,ASV,Both,Both,ASV
Ri1.3P_rep3_F1_filt.fastq.gz,14672,ASV,Both,Both,ASV
Ri1.3P_rep3_R1_filt.fastq.gz,9148,ASV,Both,Both,ASV
Ri1.3V_rep1_F1_filt.fastq.gz,28805,ASV,Both,Both,ASV
Ri1.3V_rep1_R1_filt.fastq.gz,20321,ASV,Both,Both,ASV
Ri1.3V_rep2_F1_filt.fastq.gz,14657,ASV,Both,Both,ASV
Ri1.3V_rep2_R1_filt.fastq.gz,18354,ASV,Both,Both,ASV
Ri1.3V_rep3_F1_filt.fastq.gz,99471,ASV,Both,Both,ASV
Ri1.3V_rep3_R1_filt.fastq.gz,77885,ASV,Both,Both,ASV
Ri1.4P_rep1_F1_filt.fastq.gz,17678,ASV,Both,Both,ASV
Ri1.4P_rep1_R1_filt.fastq.gz,21679,ASV,Both,Both,ASV
Ri1.4P_rep2_F1_filt.fastq.gz,35953,ASV,Both,Both,ASV
Ri1.4P_rep2_R1_filt.fastq.gz,25407,ASV,Both,Both,ASV
Ri1.4P_rep3_F1_filt.fastq.gz,18343,ASV,Both,Both,ASV
Ri1.4P_rep3_R1_filt.fastq.gz,14969,ASV,Both,Both,ASV
Ri1.4V_rep1_F1_filt.fastq.gz,27873,ASV,Both,Both,ASV
Ri1.4V_rep1_R1_filt.fastq.gz,21927,ASV,Both,Both,ASV
Ri1.4V_rep2_F1_filt.fastq.gz,33402,ASV,Both,Both,ASV
Ri1.4V_rep2_R1_filt.fastq.gz,22466,ASV,Both,Both,ASV
Ri1.4V_rep3_F1_filt.fastq.gz,38810,ASV,Both,Both,ASV
Ri1.4V_rep3_R1_filt.fastq.gz,29951,ASV,Both,Both,ASV
Ri2.1P_rep1_F1_filt.fastq.gz,18274,ASV,Both,Both,ASV
Ri2.1P_rep1_R1_filt.fastq.gz,9521,ASV,Both,Both,ASV
Ri2.1P_rep2_F1_filt.fastq.gz,23684,ASV,Both,Both,ASV
Ri2.1P_rep2_R1_filt.fastq.gz,11560,ASV,Both,Both,ASV
Ri2.1P_rep3_F1_filt.fastq.gz,24965,ASV,Both,Both,ASV
Ri2.1P_rep3_R1_filt.fastq.gz,16073,ASV,Both,Both,ASV
Ri2.1V_rep1_F1_filt.fastq.gz,26356,ASV,Both,Both,ASV
Ri2.1V_rep1_R1_filt.fastq.gz,15037,ASV,Both,Both,ASV
Ri2.1V_rep2_F1_filt.fastq.gz,49110,ASV,Both,Both,ASV
Ri2.1V_rep2_R1_filt.fastq.gz,31998,ASV,Both,Both,ASV
Ri2.1V_rep3_F1_filt.fastq.gz,52062,ASV,Both,Both,ASV
Ri2.1V_rep3_R1_filt.fastq.gz,34841,ASV,Both,Both,ASV
Ri2.2P_rep1_F1_filt.fastq.gz,61322,ASV,Both,Both,ASV
Ri2.2P_rep1_R1_filt.fastq.gz,38801,ASV,Both,Both,ASV
Ri2.2P_rep2_F1_filt.fastq.gz,28296,ASV,Both,Both,ASV
Ri2.2P_rep2_R1_filt.fastq.gz,15598,ASV,Both,Both,ASV
Ri2.2P_rep3_F1_filt.fastq.gz,42185,ASV,Both,Both,ASV
Ri2.2P_rep3_R1_filt.fastq.gz,28735,ASV,Both,Both,ASV
Ri2.2V_rep1_F1_filt.fastq.gz,33914,ASV,Both,Both,ASV
Ri2.2V_rep1_R1_filt.fastq.gz,22095,ASV,Both,Both,ASV
Ri2.2V_rep2_F1_filt.fastq.gz,37870,ASV,Both,Both,ASV
Ri2.2V_rep2_R1_filt.fastq.gz,24169,ASV,Both,Both,ASV
Ri2.2V_rep3_F1_filt.fastq.gz,36062,ASV,Both,Both,ASV
Ri2.2V_rep3_R1_filt.fastq.gz,25765,ASV,Both,Both,ASV
Ri2.3P_rep1_F1_filt.fastq.gz,19251,ASV,Both,Both,ASV
Ri2.3P_rep1_R1_filt.fastq.gz,16166,ASV,Both,Both,ASV
Ri2.3P_rep2_F1_filt.fastq.gz,22344,ASV,Both,Both,ASV
Ri2.3P_rep2_R1_filt.fastq.gz,15574,ASV,Both,Both,ASV
Ri2.3P_rep3_F1_filt.fastq.gz,12235,ASV,Both,Both,ASV
Ri2.3P_rep3_R1_filt.fastq.gz,6951,ASV,Both,Both,ASV
Ri2.3V_rep1_F1_filt.fastq.gz,25245,ASV,Both,Both,ASV
Ri2.3V_rep1_R1_filt.fastq.gz,19589,ASV,Both,Both,ASV
Ri2.3V_rep2_F1_filt.fastq.gz,43315,ASV,Both,Both,ASV
Ri2.3V_rep2_R1_filt.fastq.gz,30347,ASV,Both,Both,ASV
Ri2.3V_rep3_F1_filt.fastq.gz,31228,ASV,Both,Both,ASV
Ri2.3V_rep3_R1_filt.fastq.gz,20326,ASV,Both,Both,ASV
Ri2.4P_rep1_F1_filt.fastq.gz,19675,ASV,Both,Both,ASV
Ri2.4P_rep1_R1_filt.fastq.gz,12459,ASV,Both,Both,ASV
Ri2.4P_rep2_F1_filt.fastq.gz,63407,ASV,Both,Both,ASV
Ri2.4P_rep2_R1_filt.fastq.gz,39043,ASV,Both,Both,ASV
Ri2.4P_rep3_F1_filt.fastq.gz,24273,ASV,Both,Both,ASV
Ri2.4P_rep3_R1_filt.fastq.gz,18283,ASV,Both,Both,ASV
Ri2.4V_rep1_F1_filt.fastq.gz,85166,ASV,Both,Both,ASV
Ri2.4V_rep1_R1_filt.fastq.gz,72976,ASV,Both,Both,ASV
Ri2.4V_rep2_F1_filt.fastq.gz,37722,ASV,Both,Both,ASV
Ri2.4V_rep2_R1_filt.fastq.gz,28033,ASV,Both,Both,ASV
Ri2.4V_rep3_F1_filt.fastq.gz,38534,ASV,Both,Both,ASV
Ri2.4V_rep3_R1_filt.fastq.gz,28421,ASV,Both,Both,ASV
Urr1.1P_rep1_F1_filt.fastq.gz,12322,ASV,Both,Both,ASV
Urr1.1P_rep1_R1_filt.fastq.gz,8077,ASV,Both,Both,ASV
Urr1.1P_rep2_F1_filt.fastq.gz,19908,ASV,Both,Both,ASV
Urr1.1P_rep2_R1_filt.fastq.gz,9796,ASV,Both,Both,ASV
Urr1.1P_rep3_F1_filt.fastq.gz,31892,ASV,Both,Both,ASV
Urr1.1P_rep3_R1_filt.fastq.gz,22886,ASV,Both,Both,ASV
Urr1.1V_rep1_F1_filt.fastq.gz,19375,ASV,Both,Both,ASV
Urr1.1V_rep1_R1_filt.fastq.gz,10401,ASV,Both,Both,ASV
Urr1.1V_rep2_F1_filt.fastq.gz,29029,ASV,Both,Both,ASV
Urr1.1V_rep2_R1_filt.fastq.gz,18970,ASV,Both,Both,ASV
Urr1.1V_rep3_F1_filt.fastq.gz,57581,ASV,Both,Both,ASV
Urr1.1V_rep3_R1_filt.fastq.gz,37148,ASV,Both,Both,ASV
Urr1.2P_rep1_F1_filt.fastq.gz,20564,ASV,Both,Both,ASV
Urr1.2P_rep1_R1_filt.fastq.gz,8962,ASV,Both,Both,ASV
Urr1.2P_rep2_F1_filt.fastq.gz,23007,ASV,Both,Both,ASV
Urr1.2P_rep2_R1_filt.fastq.gz,17170,ASV,Both,Both,ASV
Urr1.2P_rep3_F1_filt.fastq.gz,43549,ASV,Both,Both,ASV
Urr1.2P_rep3_R1_filt.fastq.gz,27898,ASV,Both,Both,ASV
Urr1.2V_rep1_F1_filt.fastq.gz,38513,ASV,Both,Both,ASV
Urr1.2V_rep1_R1_filt.fastq.gz,28131,ASV,Both,Both,ASV
Urr1.2V_rep2_F1_filt.fastq.gz,39705,ASV,Both,Both,ASV
Urr1.2V_rep2_R1_filt.fastq.gz,22071,ASV,Both,Both,ASV
Urr1.2V_rep3_F1_filt.fastq.gz,69817,ASV,Both,Both,ASV
Urr1.2V_rep3_R1_filt.fastq.gz,49666,ASV,Both,Both,ASV
Urr1.3P_rep1_F1_filt.fastq.gz,18926,ASV,Both,Both,ASV
Urr1.3P_rep1_R1_filt.fastq.gz,11246,ASV,Both,Both,ASV
Urr1.3P_rep2_F1_filt.fastq.gz,34317,ASV,Both,Both,ASV
Urr1.3P_rep2_R1_filt.fastq.gz,17718,ASV,Both,Both,ASV
Urr1.3P_rep3_F1_filt.fastq.gz,26374,ASV,Both,Both,ASV
Urr1.3P_rep3_R1_filt.fastq.gz,19102,ASV,Both,Both,ASV
Urr1.3V_rep1_F1_filt.fastq.gz,49648,ASV,Both,Both,ASV
Urr1.3V_rep1_R1_filt.fastq.gz,32327,ASV,Both,Both,ASV
Urr1.3V_rep2_F1_filt.fastq.gz,44154,ASV,Both,Both,ASV
Urr1.3V_rep2_R1_filt.fastq.gz,24041,ASV,Both,Both,ASV
Urr1.3V_rep3_F1_filt.fastq.gz,54983,ASV,Both,Both,ASV
Urr1.3V_rep3_R1_filt.fastq.gz,34720,ASV,Both,Both,ASV
Urr1.4P_rep1_F1_filt.fastq.gz,13208,ASV,Both,Both,ASV
Urr1.4P_rep1_R1_filt.fastq.gz,7903,ASV,Both,Both,ASV
Urr1.4P_rep2_F1_filt.fastq.gz,20571,ASV,Both,Both,ASV
Urr1.4P_rep2_R1_filt.fastq.gz,10766,ASV,Both,Both,ASV
Urr1.4P_rep3_F1_filt.fastq.gz,25957,ASV,Both,Both,ASV
Urr1.4P_rep3_R1_filt.fastq.gz,19707,ASV,Both,Both,ASV
Urr1.4V_rep1_F1_filt.fastq.gz,35779,ASV,Both,Both,ASV
Urr1.4V_rep1_R1_filt.fastq.gz,20590,ASV,Both,Both,ASV
Urr1.4V_rep2_F1_filt.fastq.gz,33989,ASV,Both,Both,ASV
Urr1.4V_rep2_R1_filt.fastq.gz,18636,ASV,Both,Both,ASV
Urr1.4V_rep3_F1_filt.fastq.gz,40760,ASV,Both,Both,ASV
Urr1.4V_rep3_R1_filt.fastq.gz,29368,ASV,Both,Both,ASV
Urr2.1P_rep1_F1_filt.fastq.gz,38848,ASV,Both,Both,ASV
Urr2.1P_rep1_R1_filt.fastq.gz,24241,ASV,Both,Both,ASV
Urr2.1P_rep2_F1_filt.fastq.gz,47687,ASV,Both,Both,ASV
Urr2.1P_rep2_R1_filt.fastq.gz,38158,ASV,Both,Both,ASV
Urr2.1P_rep3_F1_filt.fastq.gz,22128,ASV,Both,Both,ASV
Urr2.1P_rep3_R1_filt.fastq.gz,15281,ASV,Both,Both,ASV
Urr2.1V_rep1_F1_filt.fastq.gz,56512,ASV,Both,Both,ASV
Urr2.1V_rep1_R1_filt.fastq.gz,41492,ASV,Both,Both,ASV
Urr2.1V_rep2_F1_filt.fastq.gz,33848,ASV,Both,Both,ASV
Urr2.1V_rep2_R1_filt.fastq.gz,20538,ASV,Both,Both,ASV
Urr2.1V_rep3_F1_filt.fastq.gz,32570,ASV,Both,Both,ASV
Urr2.1V_rep3_R1_filt.fastq.gz,18393,ASV,Both,Both,ASV
Urr2.2P_rep1_F1_filt.fastq.gz,27907,ASV,Both,Both,ASV
Urr2.2P_rep1_R1_filt.fastq.gz,20341,ASV,Both,Both,ASV
Urr2.2P_rep2_F1_filt.fastq.gz,22124,ASV,Both,Both,ASV
Urr2.2P_rep2_R1_filt.fastq.gz,15415,ASV,Both,Both,ASV
Urr2.2P_rep3_F1_filt.fastq.gz,36008,ASV,Both,Both,ASV
Urr2.2P_rep3_R1_filt.fastq.gz,25564,ASV,Both,Both,ASV
Urr2.2V_rep1_F1_filt.fastq.gz,45914,ASV,Both,Both,ASV
Urr2.2V_rep1_R1_filt.fastq.gz,37609,ASV,Both,Both,ASV
Urr2.2V_rep2_F1_filt.fastq.gz,49907,ASV,Both,Both,ASV
Urr2.2V_rep2_R1_filt.fastq.gz,36080,ASV,Both,Both,ASV
Urr2.2V_rep3_F1_filt.fastq.gz,21632,ASV,Both,Both,ASV
Urr2.2V_rep3_R1_filt.fastq.gz,12994,ASV,Both,Both,ASV
Urr2.3P_rep1_F1_filt.fastq.gz,30125,ASV,Both,Both,ASV
Urr2.3P_rep1_R1_filt.fastq.gz,23434,ASV,Both,Both,ASV
Urr2.3P_rep2_F1_filt.fastq.gz,15244,ASV,Both,Both,ASV
Urr2.3P_rep2_R1_filt.fastq.gz,11560,ASV,Both,Both,ASV
Urr2.3P_rep3_F1_filt.fastq.gz,29233,ASV,Both,Both,ASV
Urr2.3P_rep3_R1_filt.fastq.gz,16913,ASV,Both,Both,ASV
Urr2.3V_rep1_F1_filt.fastq.gz,27068,ASV,Both,Both,ASV
Urr2.3V_rep1_R1_filt.fastq.gz,22380,ASV,Both,Both,ASV
Urr2.3V_rep2_F1_filt.fastq.gz,36602,ASV,Both,Both,ASV
Urr2.3V_rep2_R1_filt.fastq.gz,25658,ASV,Both,Both,ASV
Urr2.3V_rep3_F1_filt.fastq.gz,58694,ASV,Both,Both,ASV
Urr2.3V_rep3_R1_filt.fastq.gz,45775,ASV,Both,Both,ASV
Urr2.4P_rep1_F1_filt.fastq.gz,29775,ASV,Both,Both,ASV
Urr2.4P_rep1_R1_filt.fastq.gz,14921,ASV,Both,Both,ASV
Urr2.4P_rep2_F1_filt.fastq.gz,45534,ASV,Both,Both,ASV
Urr2.4P_rep2_R1_filt.fastq.gz,30289,ASV,Both,Both,ASV
Urr2.4P_rep3_F1_filt.fastq.gz,38209,ASV,Both,Both,ASV
Urr2.4P_rep3_R1_filt.fastq.gz,24177,ASV,Both,Both,ASV
Urr2.4V_rep1_F1_filt.fastq.gz,31875,ASV,Both,Both,ASV
Urr2.4V_rep1_R1_filt.fastq.gz,17908,ASV,Both,Both,ASV
Urr2.4V_rep2_F1_filt.fastq.gz,141096,ASV,Both,Both,ASV
Urr2.4V_rep2_R1_filt.fastq.gz,98055,ASV,Both,Both,ASV
Urr2.4V_rep3_F1_filt.fastq.gz,47849,ASV,Both,Both,ASV
Urr2.4V_rep3_R1_filt.fastq.gz,33582,ASV,Both,Both,ASV
Pos_ctrl_rep1_F1_filt.fastq.gz,16105,ASV,Both,Both,ASV
Pos_ctrl_rep1_R1_filt.fastq.gz,9573,ASV,Both,Both,ASV
Pos_ctrl_rep2_F1_filt.fastq.gz,21200,ASV,Both,Both,ASV
Pos_ctrl_rep2_R1_filt.fastq.gz,13609,ASV,Both,Both,ASV
Pos_ctrl_rep3_F1_filt.fastq.gz,29919,ASV,Both,Both,ASV
Pos_ctrl_rep3_R1_filt.fastq.gz,16897,ASV,Both,Both,ASV
Ri1.1P_rep1_F1_filt.fastq.gz,21902,ASV,Both,Both,ASV
Ri1.1P_rep1_R1_filt.fastq.gz,14531,ASV,Both,Both,ASV
Ri1.1P_rep2_F1_filt.fastq.gz,28553,ASV,Both,Both,ASV
Ri1.1P_rep2_R1_filt.fastq.gz,20918,ASV,Both,Both,ASV
Ri1.1P_rep3_F1_filt.fastq.gz,23311,ASV,Both,Both,ASV
Ri1.1P_rep3_R1_filt.fastq.gz,17824,ASV,Both,Both,ASV
Ri1.1V_rep1_F1_filt.fastq.gz,23033,ASV,Both,Both,ASV
Ri1.1V_rep1_R1_filt.fastq.gz,13629,ASV,Both,Both,ASV
Ri1.1V_rep2_F1_filt.fastq.gz,25253,ASV,Both,Both,ASV
Ri1.1V_rep2_R1_filt.fastq.gz,20341,ASV,Both,Both,ASV
Ri1.1V_rep3_F1_filt.fastq.gz,27753,ASV,Both,Both,ASV
Ri1.1V_rep3_R1_filt.fastq.gz,19461,ASV,Both,Both,ASV
Ri1.2P_rep1_F1_filt.fastq.gz,25870,ASV,Both,Both,ASV
Ri1.2P_rep1_R1_filt.fastq.gz,21574,ASV,Both,Both,ASV
Ri1.2P_rep2_F1_filt.fastq.gz,32675,ASV,Both,Both,ASV
Ri1.2P_rep2_R1_filt.fastq.gz,21781,ASV,Both,Both,ASV
Ri1.2P_rep3_F1_filt.fastq.gz,34694,ASV,Both,Both,ASV
Ri1.2P_rep3_R1_filt.fastq.gz,26250,ASV,Both,Both,ASV
Ri1.2V_rep1_F1_filt.fastq.gz,26460,ASV,Both,Both,ASV
Ri1.2V_rep1_R1_filt.fastq.gz,20106,ASV,Both,Both,ASV
Ri1.2V_rep2_F1_filt.fastq.gz,22925,ASV,Both,Both,ASV
Ri1.2V_rep2_R1_filt.fastq.gz,14648,ASV,Both,Both,ASV
Ri1.2V_rep3_F1_filt.fastq.gz,22105,ASV,Both,Both,ASV
Ri1.2V_rep3_R1_filt.fastq.gz,15126,ASV,Both,Both,ASV
Ri1.3P_rep1_F1_filt.fastq.gz,22342,ASV,Both,Both,ASV
Ri1.3P_rep1_R1_filt.fastq.gz,18937,ASV,Both,Both,ASV
Ri1.3P_rep2_F1_filt.fastq.gz,14883,ASV,Both,Both,ASV
Ri1.3P_rep2_R1_filt.fastq.gz,12637,ASV,Both,Both,ASV
Ri1.3P_rep3_F1_filt.fastq.gz,14672,ASV,Both,Both,ASV
Ri1.3P_rep3_R1_filt.fastq.gz,9148,ASV,Both,Both,ASV
Ri1.3V_rep1_F1_filt.fastq.gz,28805,ASV,Both,Both,ASV
Ri1.3V_rep1_R1_filt.fastq.gz,20321,ASV,Both,Both,ASV
Ri1.3V_rep2_F1_filt.fastq.gz,14657,ASV,Both,Both,ASV
Ri1.3V_rep2_R1_filt.fastq.gz,18354,ASV,Both,Both,ASV
Ri1.3V_rep3_F1_filt.fastq.gz,99471,ASV,Both,Both,ASV
Ri1.3V_rep3_R1_filt.fastq.gz,77885,ASV,Both,Both,ASV
Ri1.4P_rep1_F1_filt.fastq.gz,17678,ASV,Both,Both,ASV
Ri1.4P_rep1_R1_filt.fastq.gz,21679,ASV,Both,Both,ASV
Ri1.4P_rep2_F1_filt.fastq.gz,35953,ASV,Both,Both,ASV
Ri1.4P_rep2_R1_filt.fastq.gz,25407,ASV,Both,Both,ASV
Ri1.4P_rep3_F1_filt.fastq.gz,18343,ASV,Both,Both,ASV
Ri1.4P_rep3_R1_filt.fastq.gz,14969,ASV,Both,Both,ASV
Ri1.4V_rep1_F1_filt.fastq.gz,27873,ASV,Both,Both,ASV
Ri1.4V_rep1_R1_filt.fastq.gz,21927,ASV,Both,Both,ASV
Ri1.4V_rep2_F1_filt.fastq.gz,33402,ASV,Both,Both,ASV
Ri1.4V_rep2_R1_filt.fastq.gz,22466,ASV,Both,Both,ASV
Ri1.4V_rep3_F1_filt.fastq.gz,38810,ASV,Both,Both,ASV
Ri1.4V_rep3_R1_filt.fastq.gz,29951,ASV,Both,Both,ASV
Ri2.1P_rep1_F1_filt.fastq.gz,18274,ASV,Both,Both,ASV
Ri2.1P_rep1_R1_filt.fastq.gz,9521,ASV,Both,Both,ASV
Ri2.1P_rep2_F1_filt.fastq.gz,23684,ASV,Both,Both,ASV
Ri2.1P_rep2_R1_filt.fastq.gz,11560,ASV,Both,Both,ASV
Ri2.1P_rep3_F1_filt.fastq.gz,24965,ASV,Both,Both,ASV
Ri2.1P_rep3_R1_filt.fastq.gz,16073,ASV,Both,Both,ASV
Ri2.1V_rep1_F1_filt.fastq.gz,26356,ASV,Both,Both,ASV
Ri2.1V_rep1_R1_filt.fastq.gz,15037,ASV,Both,Both,ASV
Ri2.1V_rep2_F1_filt.fastq.gz,49110,ASV,Both,Both,ASV
Ri2.1V_rep2_R1_filt.fastq.gz,31998,ASV,Both,Both,ASV
Ri2.1V_rep3_F1_filt.fastq.gz,52062,ASV,Both,Both,ASV
Ri2.1V_rep3_R1_filt.fastq.gz,34841,ASV,Both,Both,ASV
Ri2.2P_rep1_F1_filt.fastq.gz,61322,ASV,Both,Both,ASV
Ri2.2P_rep1_R1_filt.fastq.gz,38801,ASV,Both,Both,ASV
Ri2.2P_rep2_F1_filt.fastq.gz,28296,ASV,Both,Both,ASV
Ri2.2P_rep2_R1_filt.fastq.gz,15598,ASV,Both,Both,ASV
Ri2.2P_rep3_F1_filt.fastq.gz,42185,ASV,Both,Both,ASV
Ri2.2P_rep3_R1_filt.fastq.gz,28735,ASV,Both,Both,ASV
Ri2.2V_rep1_F1_filt.fastq.gz,33914,ASV,Both,Both,ASV
Ri2.2V_rep1_R1_filt.fastq.gz,22095,ASV,Both,Both,ASV
Ri2.2V_rep2_F1_filt.fastq.gz,37870,ASV,Both,Both,ASV
Ri2.2V_rep2_R1_filt.fastq.gz,24169,ASV,Both,Both,ASV
Ri2.2V_rep3_F1_filt.fastq.gz,36062,ASV,Both,Both,ASV
Ri2.2V_rep3_R1_filt.fastq.gz,25765,ASV,Both,Both,ASV
Ri2.3P_rep1_F1_filt.fastq.gz,19251,ASV,Both,Both,ASV
Ri2.3P_rep1_R1_filt.fastq.gz,16166,ASV,Both,Both,ASV
Ri2.3P_rep2_F1_filt.fastq.gz,22344,ASV,Both,Both,ASV
Ri2.3P_rep2_R1_filt.fastq.gz,15574,ASV,Both,Both,ASV
Ri2.3P_rep3_F1_filt.fastq.gz,12235,ASV,Both,Both,ASV
Ri2.3P_rep3_R1_filt.fastq.gz,6951,ASV,Both,Both,ASV
Ri2.3V_rep1_F1_filt.fastq.gz,25245,ASV,Both,Both,ASV
Ri2.3V_rep1_R1_filt.fastq.gz,19589,ASV,Both,Both,ASV
Ri2.3V_rep2_F1_filt.fastq.gz,43315,ASV,Both,Both,ASV
Ri2.3V_rep2_R1_filt.fastq.gz,30347,ASV,Both,Both,ASV
Ri2.3V_rep3_F1_filt.fastq.gz,31228,ASV,Both,Both,ASV
Ri2.3V_rep3_R1_filt.fastq.gz,20326,ASV,Both,Both,ASV
Ri2.4P_rep1_F1_filt.fastq.gz,19675,ASV,Both,Both,ASV
Ri2.4P_rep1_R1_filt.fastq.gz,12459,ASV,Both,Both,ASV
Ri2.4P_rep2_F1_filt.fastq.gz,63407,ASV,Both,Both,ASV
Ri2.4P_rep2_R1_filt.fastq.gz,39043,ASV,Both,Both,ASV
Ri2.4P_rep3_F1_filt.fastq.gz,24273,ASV,Both,Both,ASV
Ri2.4P_rep3_R1_filt.fastq.gz,18283,ASV,Both,Both,ASV
Ri2.4V_rep1_F1_filt.fastq.gz,85166,ASV,Both,Both,ASV
Ri2.4V_rep1_R1_filt.fastq.gz,72976,ASV,Both,Both,ASV
Ri2.4V_rep2_F1_filt.fastq.gz,37722,ASV,Both,Both,ASV
Ri2.4V_rep2_R1_filt.fastq.gz,28033,ASV,Both,Both,ASV
Ri2.4V_rep3_F1_filt.fastq.gz,38534,ASV,Both,Both,ASV
Ri2.4V_rep3_R1_filt.fastq.gz,28421,ASV,Both,Both,ASV
Urr1.1P_rep1_F1_filt.fastq.gz,12322,ASV,Both,Both,ASV
Urr1.1P_rep1_R1_filt.fastq.gz,8077,ASV,Both,Both,ASV
Urr1.1P_rep2_F1_filt.fastq.gz,19908,ASV,Both,Both,ASV
Urr1.1P_rep2_R1_filt.fastq.gz,9796,ASV,Both,Both,ASV
Urr1.1P_rep3_F1_filt.fastq.gz,31892,ASV,Both,Both,ASV
Urr1.1P_rep3_R1_filt.fastq.gz,22886,ASV,Both,Both,ASV
Urr1.1V_rep1_F1_filt.fastq.gz,19375,ASV,Both,Both,ASV
Urr1.1V_rep1_R1_filt.fastq.gz,10401,ASV,Both,Both,ASV
Urr1.1V_rep2_F1_filt.fastq.gz,29029,ASV,Both,Both,ASV
Urr1.1V_rep2_R1_filt.fastq.gz,18970,ASV,Both,Both,ASV
Urr1.1V_rep3_F1_filt.fastq.gz,57581,ASV,Both,Both,ASV
Urr1.1V_rep3_R1_filt.fastq.gz,37148,ASV,Both,Both,ASV
Urr1.2P_rep1_F1_filt.fastq.gz,20564,ASV,Both,Both,ASV
Urr1.2P_rep1_R1_filt.fastq.gz,8962,ASV,Both,Both,ASV
Urr1.2P_rep2_F1_filt.fastq.gz,23007,ASV,Both,Both,ASV
Urr1.2P_rep2_R1_filt.fastq.gz,17170,ASV,Both,Both,ASV
Urr1.2P_rep3_F1_filt.fastq.gz,43549,ASV,Both,Both,ASV
Urr1.2P_rep3_R1_filt.fastq.gz,27898,ASV,Both,Both,ASV
Urr1.2V_rep1_F1_filt.fastq.gz,38513,ASV,Both,Both,ASV
Urr1.2V_rep1_R1_filt.fastq.gz,28131,ASV,Both,Both,ASV
Urr1.2V_rep2_F1_filt.fastq.gz,39705,ASV,Both,Both,ASV
Urr1.2V_rep2_R1_filt.fastq.gz,22071,ASV,Both,Both,ASV
Urr1.2V_rep3_F1_filt.fastq.gz,69817,ASV,Both,Both,ASV
Urr1.2V_rep3_R1_filt.fastq.gz,49666,ASV,Both,Both,ASV
Urr1.3P_rep1_F1_filt.fastq.gz,18926,ASV,Both,Both,ASV
Urr1.3P_rep1_R1_filt.fastq.gz,11246,ASV,Both,Both,ASV
Urr1.3P_rep2_F1_filt.fastq.gz,34317,ASV,Both,Both,ASV
Urr1.3P_rep2_R1_filt.fastq.gz,17718,ASV,Both,Both,ASV
Urr1.3P_rep3_F1_filt.fastq.gz,26374,ASV,Both,Both,ASV
Urr1.3P_rep3_R1_filt.fastq.gz,19102,ASV,Both,Both,ASV
Urr1.3V_rep1_F1_filt.fastq.gz,49648,ASV,Both,Both,ASV
Urr1.3V_rep1_R1_filt.fastq.gz,32327,ASV,Both,Both,ASV
Urr1.3V_rep2_F1_filt.fastq.gz,44154,ASV,Both,Both,ASV
Urr1.3V_rep2_R1_filt.fastq.gz,24041,ASV,Both,Both,ASV
Urr1.3V_rep3_F1_filt.fastq.gz,54983,ASV,Both,Both,ASV
Urr1.3V_rep3_R1_filt.fastq.gz,34720,ASV,Both,Both,ASV
Urr1.4P_rep1_F1_filt.fastq.gz,13208,ASV,Both,Both,ASV
Urr1.4P_rep1_R1_filt.fastq.gz,7903,ASV,Both,Both,ASV
Urr1.4P_rep2_F1_filt.fastq.gz,20571,ASV,Both,Both,ASV
Urr1.4P_rep2_R1_filt.fastq.gz,10766,ASV,Both,Both,ASV
Urr1.4P_rep3_F1_filt.fastq.gz,25957,ASV,Both,Both,ASV
Urr1.4P_rep3_R1_filt.fastq.gz,19707,ASV,Both,Both,ASV
Urr1.4V_rep1_F1_filt.fastq.gz,35779,ASV,Both,Both,ASV
Urr1.4V_rep1_R1_filt.fastq.gz,20590,ASV,Both,Both,ASV
Urr1.4V_rep2_F1_filt.fastq.gz,33989,ASV,Both,Both,ASV
Urr1.4V_rep2_R1_filt.fastq.gz,18636,ASV,Both,Both,ASV
Urr1.4V_rep3_F1_filt.fastq.gz,40760,ASV,Both,Both,ASV
Urr1.4V_rep3_R1_filt.fastq.gz,29368,ASV,Both,Both,ASV
Urr2.1P_rep1_F1_filt.fastq.gz,38848,ASV,Both,Both,ASV
Urr2.1P_rep1_R1_filt.fastq.gz,24241,ASV,Both,Both,ASV
Urr2.1P_rep2_F1_filt.fastq.gz,47687,ASV,Both,Both,ASV
Urr2.1P_rep2_R1_filt.fastq.gz,38158,ASV,Both,Both,ASV
Urr2.1P_rep3_F1_filt.fastq.gz,22128,ASV,Both,Both,ASV
Urr2.1P_rep3_R1_filt.fastq.gz,15281,ASV,Both,Both,ASV
Urr2.1V_rep1_F1_filt.fastq.gz,56512,ASV,Both,Both,ASV
Urr2.1V_rep1_R1_filt.fastq.gz,41492,ASV,Both,Both,ASV
Urr2.1V_rep2_F1_filt.fastq.gz,33848,ASV,Both,Both,ASV
Urr2.1V_rep2_R1_filt.fastq.gz,20538,ASV,Both,Both,ASV
Urr2.1V_rep3_F1_filt.fastq.gz,32570,ASV,Both,Both,ASV
Urr2.1V_rep3_R1_filt.fastq.gz,18393,ASV,Both,Both,ASV
Urr2.2P_rep1_F1_filt.fastq.gz,27907,ASV,Both,Both,ASV
Urr2.2P_rep1_R1_filt.fastq.gz,20341,ASV,Both,Both,ASV
Urr2.2P_rep2_F1_filt.fastq.gz,22124,ASV,Both,Both,ASV
Urr2.2P_rep2_R1_filt.fastq.gz,15415,ASV,Both,Both,ASV
Urr2.2P_rep3_F1_filt.fastq.gz,36008,ASV,Both,Both,ASV
Urr2.2P_rep3_R1_filt.fastq.gz,25564,ASV,Both,Both,ASV
Urr2.2V_rep1_F1_filt.fastq.gz,45914,ASV,Both,Both,ASV
Urr2.2V_rep1_R1_filt.fastq.gz,37609,ASV,Both,Both,ASV
Urr2.2V_rep2_F1_filt.fastq.gz,49907,ASV,Both,Both,ASV
Urr2.2V_rep2_R1_filt.fastq.gz,36080,ASV,Both,Both,ASV
Urr2.2V_rep3_F1_filt.fastq.gz,21632,ASV,Both,Both,ASV
Urr2.2V_rep3_R1_filt.fastq.gz,12994,ASV,Both,Both,ASV
Urr2.3P_rep1_F1_filt.fastq.gz,30125,ASV,Both,Both,ASV
Urr2.3P_rep1_R1_filt.fastq.gz,23434,ASV,Both,Both,ASV
Urr2.3P_rep2_F1_filt.fastq.gz,15244,ASV,Both,Both,ASV
Urr2.3P_rep2_R1_filt.fastq.gz,11560,ASV,Both,Both,ASV
Urr2.3P_rep3_F1_filt.fastq.gz,29233,ASV,Both,Both,ASV
Urr2.3P_rep3_R1_filt.fastq.gz,16913,ASV,Both,Both,ASV
Urr2.3V_rep1_F1_filt.fastq.gz,27068,ASV,Both,Both,ASV
Urr2.3V_rep1_R1_filt.fastq.gz,22380,ASV,Both,Both,ASV
Urr2.3V_rep2_F1_filt.fastq.gz,36602,ASV,Both,Both,ASV
Urr2.3V_rep2_R1_filt.fastq.gz,25658,ASV,Both,Both,ASV
Urr2.3V_rep3_F1_filt.fastq.gz,58694,ASV,Both,Both,ASV
Urr2.3V_rep3_R1_filt.fastq.gz,45775,ASV,Both,Both,ASV
Urr2.4P_rep1_F1_filt.fastq.gz,29775,ASV,Both,Both,ASV
Urr2.4P_rep1_R1_filt.fastq.gz,14921,ASV,Both,Both,ASV
Urr2.4P_rep2_F1_filt.fastq.gz,45534,ASV,Both,Both,ASV
Urr2.4P_rep2_R1_filt.fastq.gz,30289,ASV,Both,Both,ASV
Urr2.4P_rep3_F1_filt.fastq.gz,38209,ASV,Both,Both,ASV
Urr2.4P_rep3_R1_filt.fastq.gz,24177,ASV,Both,Both,ASV
Urr2.4V_rep1_F1_filt.fastq.gz,31875,ASV,Both,Both,ASV
Urr2.4V_rep1_R1_filt.fastq.gz,17908,ASV,Both,Both,ASV
Urr2.4V_rep2_F1_filt.fastq.gz,141096,ASV,Both,Both,ASV
Urr2.4V_rep2_R1_filt.fastq.gz,98055,ASV,Both,Both,ASV
Urr2.4V_rep3_F1_filt.fastq.gz,47849,ASV,Both,Both,ASV
Urr2.4V_rep3_R1_filt.fastq.gz,33582,ASV,Both,Both,ASV
Pos_ctrl_rep1_F1_filt.fastq.gz,16105,ASV,Both,Both,ASV
Pos_ctrl_rep1_R1_filt.fastq.gz,9573,ASV,Both,Both,ASV
Pos_ctrl_rep2_F1_filt.fastq.gz,21200,ASV,Both,Both,ASV
Pos_ctrl_rep2_R1_filt.fastq.gz,13609,ASV,Both,Both,ASV
Pos_ctrl_rep3_F1_filt.fastq.gz,29919,ASV,Both,Both,ASV
Pos_ctrl_rep3_R1_filt.fastq.gz,16897,ASV,Both,Both,ASV
Ri1.1P_rep1_F1_filt.fastq.gz,21902,ASV,Both,Both,ASV
Ri1.1P_rep1_R1_filt.fastq.gz,14531,ASV,Both,Both,ASV
Ri1.1P_rep2_F1_filt.fastq.gz,28553,ASV,Both,Both,ASV
Ri1.1P_rep2_R1_filt.fastq.gz,20918,ASV,Both,Both,ASV
Ri1.1P_rep3_F1_filt.fastq.gz,23311,ASV,Both,Both,ASV
Ri1.1P_rep3_R1_filt.fastq.gz,17824,ASV,Both,Both,ASV
Ri1.1V_rep1_F1_filt.fastq.gz,23033,ASV,Both,Both,ASV
Ri1.1V_rep1_R1_filt.fastq.gz,13629,ASV,Both,Both,ASV
Ri1.1V_rep2_F1_filt.fastq.gz,25253,ASV,Both,Both,ASV
Ri1.1V_rep2_R1_filt.fastq.gz,20341,ASV,Both,Both,ASV
Ri1.1V_rep3_F1_filt.fastq.gz,27753,ASV,Both,Both,ASV
Ri1.1V_rep3_R1_filt.fastq.gz,19461,ASV,Both,Both,ASV
Ri1.2P_rep1_F1_filt.fastq.gz,25870,ASV,Both,Both,ASV
Ri1.2P_rep1_R1_filt.fastq.gz,21574,ASV,Both,Both,ASV
Ri1.2P_rep2_F1_filt.fastq.gz,32675,ASV,Both,Both,ASV
Ri1.2P_rep2_R1_filt.fastq.gz,21781,ASV,Both,Both,ASV
Ri1.2P_rep3_F1_filt.fastq.gz,34694,ASV,Both,Both,ASV
Ri1.2P_rep3_R1_filt.fastq.gz,26250,ASV,Both,Both,ASV
Ri1.2V_rep1_F1_filt.fastq.gz,26460,ASV,Both,Both,ASV
Ri1.2V_rep1_R1_filt.fastq.gz,20106,ASV,Both,Both,ASV
Ri1.2V_rep2_F1_filt.fastq.gz,22925,ASV,Both,Both,ASV
Ri1.2V_rep2_R1_filt.fastq.gz,14648,ASV,Both,Both,ASV
Ri1.2V_rep3_F1_filt.fastq.gz,22105,ASV,Both,Both,ASV
Ri1.2V_rep3_R1_filt.fastq.gz,15126,ASV,Both,Both,ASV
Ri1.3P_rep1_F1_filt.fastq.gz,22342,ASV,Both,Both,ASV
Ri1.3P_rep1_R1_filt.fastq.gz,18937,ASV,Both,Both,ASV
Ri1.3P_rep2_F1_filt.fastq.gz,14883,ASV,Both,Both,ASV
Ri1.3P_rep2_R1_filt.fastq.gz,12637,ASV,Both,Both,ASV
Ri1.3P_rep3_F1_filt.fastq.gz,14672,ASV,Both,Both,ASV
Ri1.3P_rep3_R1_filt.fastq.gz,9148,ASV,Both,Both,ASV
Ri1.3V_rep1_F1_filt.fastq.gz,28805,ASV,Both,Both,ASV
Ri1.3V_rep1_R1_filt.fastq.gz,20321,ASV,Both,Both,ASV
Ri1.3V_rep2_F1_filt.fastq.gz,14657,ASV,Both,Both,ASV
Ri1.3V_rep2_R1_filt.fastq.gz,18354,ASV,Both,Both,ASV
Ri1.3V_rep3_F1_filt.fastq.gz,99471,ASV,Both,Both,ASV
Ri1.3V_rep3_R1_filt.fastq.gz,77885,ASV,Both,Both,ASV
Ri1.4P_rep1_F1_filt.fastq.gz,17678,ASV,Both,Both,ASV
Ri1.4P_rep1_R1_filt.fastq.gz,21679,ASV,Both,Both,ASV
Ri1.4P_rep2_F1_filt.fastq.gz,35953,ASV,Both,Both,ASV
Ri1.4P_rep2_R1_filt.fastq.gz,25407,ASV,Both,Both,ASV
Ri1.4P_rep3_F1_filt.fastq.gz,18343,ASV,Both,Both,ASV
Ri1.4P_rep3_R1_filt.fastq.gz,14969,ASV,Both,Both,ASV
Ri1.4V_rep1_F1_filt.fastq.gz,27873,ASV,Both,Both,ASV
Ri1.4V_rep1_R1_filt.fastq.gz,21927,ASV,Both,Both,ASV
Ri1.4V_rep2_F1_filt.fastq.gz,33402,ASV,Both,Both,ASV
Ri1.4V_rep2_R1_filt.fastq.gz,22466,ASV,Both,Both,ASV
Ri1.4V_rep3_F1_filt.fastq.gz,38810,ASV,Both,Both,ASV
Ri1.4V_rep3_R1_filt.fastq.gz,29951,ASV,Both,Both,ASV
Ri2.1P_rep1_F1_filt.fastq.gz,18274,ASV,Both,Both,ASV
Ri2.1P_rep1_R1_filt.fastq.gz,9521,ASV,Both,Both,ASV
Ri2.1P_rep2_F1_filt.fastq.gz,23684,ASV,Both,Both,ASV
Ri2.1P_rep2_R1_filt.fastq.gz,11560,ASV,Both,Both,ASV
Ri2.1P_rep3_F1_filt.fastq.gz,24965,ASV,Both,Both,ASV
Ri2.1P_rep3_R1_filt.fastq.gz,16073,ASV,Both,Both,ASV
Ri2.1V_rep1_F1_filt.fastq.gz,26356,ASV,Both,Both,ASV
Ri2.1V_rep1_R1_filt.fastq.gz,15037,ASV,Both,Both,ASV
Ri2.1V_rep2_F1_filt.fastq.gz,49110,ASV,Both,Both,ASV
Ri2.1V_rep2_R1_filt.fastq.gz,31998,ASV,Both,Both,ASV
Ri2.1V_rep3_F1_filt.fastq.gz,52062,ASV,Both,Both,ASV
Ri2.1V_rep3_R1_filt.fastq.gz,34841,ASV,Both,Both,ASV
Ri2.2P_rep1_F1_filt.fastq.gz,61322,ASV,Both,Both,ASV
Ri2.2P_rep1_R1_filt.fastq.gz,38801,ASV,Both,Both,ASV
Ri2.2P_rep2_F1_filt.fastq.gz,28296,ASV,Both,Both,ASV
Ri2.2P_rep2_R1_filt.fastq.gz,15598,ASV,Both,Both,ASV
Ri2.2P_rep3_F1_filt.fastq.gz,42185,ASV,Both,Both,ASV
Ri2.2P_rep3_R1_filt.fastq.gz,28735,ASV,Both,Both,ASV
Ri2.2V_rep1_F1_filt.fastq.gz,33914,ASV,Both,Both,ASV
Ri2.2V_rep1_R1_filt.fastq.gz,22095,ASV,Both,Both,ASV
Ri2.2V_rep2_F1_filt.fastq.gz,37870,ASV,Both,Both,ASV
Ri2.2V_rep2_R1_filt.fastq.gz,24169,ASV,Both,Both,ASV
Ri2.2V_rep3_F1_filt.fastq.gz,36062,ASV,Both,Both,ASV
Ri2.2V_rep3_R1_filt.fastq.gz,25765,ASV,Both,Both,ASV
Ri2.3P_rep1_F1_filt.fastq.gz,19251,ASV,Both,Both,ASV
Ri2.3P_rep1_R1_filt.fastq.gz,16166,ASV,Both,Both,ASV
Ri2.3P_rep2_F1_filt.fastq.gz,22344,ASV,Both,Both,ASV
Ri2.3P_rep2_R1_filt.fastq.gz,15574,ASV,Both,Both,ASV
Ri2.3P_rep3_F1_filt.fastq.gz,12235,ASV,Both,Both,ASV
Ri2.3P_rep3_R1_filt.fastq.gz,6951,ASV,Both,Both,ASV
Ri2.3V_rep1_F1_filt.fastq.gz,25245,ASV,Both,Both,ASV
Ri2.3V_rep1_R1_filt.fastq.gz,19589,ASV,Both,Both,ASV
Ri2.3V_rep2_F1_filt.fastq.gz,43315,ASV,Both,Both,ASV
Ri2.3V_rep2_R1_filt.fastq.gz,30347,ASV,Both,Both,ASV
Ri2.3V_rep3_F1_filt.fastq.gz,31228,ASV,Both,Both,ASV
Ri2.3V_rep3_R1_filt.fastq.gz,20326,ASV,Both,Both,ASV
Ri2.4P_rep1_F1_filt.fastq.gz,19675,ASV,Both,Both,ASV
Ri2.4P_rep1_R1_filt.fastq.gz,12459,ASV,Both,Both,ASV
Ri2.4P_rep2_F1_filt.fastq.gz,63407,ASV,Both,Both,ASV
Ri2.4P_rep2_R1_filt.fastq.gz,39043,ASV,Both,Both,ASV
Ri2.4P_rep3_F1_filt.fastq.gz,24273,ASV,Both,Both,ASV
Ri2.4P_rep3_R1_filt.fastq.gz,18283,ASV,Both,Both,ASV
Ri2.4V_rep1_F1_filt.fastq.gz,85166,ASV,Both,Both,ASV
Ri2.4V_rep1_R1_filt.fastq.gz,72976,ASV,Both,Both,ASV
Ri2.4V_rep2_F1_filt.fastq.gz,37722,ASV,Both,Both,ASV
Ri2.4V_rep2_R1_filt.fastq.gz,28033,ASV,Both,Both,ASV
Ri2.4V_rep3_F1_filt.fastq.gz,38534,ASV,Both,Both,ASV
Ri2.4V_rep3_R1_filt.fastq.gz,28421,ASV,Both,Both,ASV
Urr1.1P_rep1_F1_filt.fastq.gz,12322,ASV,Both,Both,ASV
Urr1.1P_rep1_R1_filt.fastq.gz,8077,ASV,Both,Both,ASV
Urr1.1P_rep2_F1_filt.fastq.gz,19908,ASV,Both,Both,ASV
Urr1.1P_rep2_R1_filt.fastq.gz,9796,ASV,Both,Both,ASV
Urr1.1P_rep3_F1_filt.fastq.gz,31892,ASV,Both,Both,ASV
Urr1.1P_rep3_R1_filt.fastq.gz,22886,ASV,Both,Both,ASV
Urr1.1V_rep1_F1_filt.fastq.gz,19375,ASV,Both,Both,ASV
Urr1.1V_rep1_R1_filt.fastq.gz,10401,ASV,Both,Both,ASV
Urr1.1V_rep2_F1_filt.fastq.gz,29029,ASV,Both,Both,ASV
Urr1.1V_rep2_R1_filt.fastq.gz,18970,ASV,Both,Both,ASV
Urr1.1V_rep3_F1_filt.fastq.gz,57581,ASV,Both,Both,ASV
Urr1.1V_rep3_R1_filt.fastq.gz,37148,ASV,Both,Both,ASV
Urr1.2P_rep1_F1_filt.fastq.gz,20564,ASV,Both,Both,ASV
Urr1.2P_rep1_R1_filt.fastq.gz,8962,ASV,Both,Both,ASV
Urr1.2P_rep2_F1_filt.fastq.gz,23007,ASV,Both,Both,ASV
Urr1.2P_rep2_R1_filt.fastq.gz,17170,ASV,Both,Both,ASV
Urr1.2P_rep3_F1_filt.fastq.gz,43549,ASV,Both,Both,ASV
Urr1.2P_rep3_R1_filt.fastq.gz,27898,ASV,Both,Both,ASV
Urr1.2V_rep1_F1_filt.fastq.gz,38513,ASV,Both,Both,ASV
Urr1.2V_rep1_R1_filt.fastq.gz,28131,ASV,Both,Both,ASV
Urr1.2V_rep2_F1_filt.fastq.gz,39705,ASV,Both,Both,ASV
Urr1.2V_rep2_R1_filt.fastq.gz,22071,ASV,Both,Both,ASV
Urr1.2V_rep3_F1_filt.fastq.gz,69817,ASV,Both,Both,ASV
Urr1.2V_rep3_R1_filt.fastq.gz,49666,ASV,Both,Both,ASV
Urr1.3P_rep1_F1_filt.fastq.gz,18926,ASV,Both,Both,ASV
Urr1.3P_rep1_R1_filt.fastq.gz,11246,ASV,Both,Both,ASV
Urr1.3P_rep2_F1_filt.fastq.gz,34317,ASV,Both,Both,ASV
Urr1.3P_rep2_R1_filt.fastq.gz,17718,ASV,Both,Both,ASV
Urr1.3P_rep3_F1_filt.fastq.gz,26374,ASV,Both,Both,ASV
Urr1.3P_rep3_R1_filt.fastq.gz,19102,ASV,Both,Both,ASV
Urr1.3V_rep1_F1_filt.fastq.gz,49648,ASV,Both,Both,ASV
Urr1.3V_rep1_R1_filt.fastq.gz,32327,ASV,Both,Both,ASV
Urr1.3V_rep2_F1_filt.fastq.gz,44154,ASV,Both,Both,ASV
Urr1.3V_rep2_R1_filt.fastq.gz,24041,ASV,Both,Both,ASV
Urr1.3V_rep3_F1_filt.fastq.gz,54983,ASV,Both,Both,ASV
Urr1.3V_rep3_R1_filt.fastq.gz,34720,ASV,Both,Both,ASV
Urr1.4P_rep1_F1_filt.fastq.gz,13208,ASV,Both,Both,ASV
Urr1.4P_rep1_R1_filt.fastq.gz,7903,ASV,Both,Both,ASV
Urr1.4P_rep2_F1_filt.fastq.gz,20571,ASV,Both,Both,ASV
Urr1.4P_rep2_R1_filt.fastq.gz,10766,ASV,Both,Both,ASV
Urr1.4P_rep3_F1_filt.fastq.gz,25957,ASV,Both,Both,ASV
Urr1.4P_rep3_R1_filt.fastq.gz,19707,ASV,Both,Both,ASV
Urr1.4V_rep1_F1_filt.fastq.gz,35779,ASV,Both,Both,ASV
Urr1.4V_rep1_R1_filt.fastq.gz,20590,ASV,Both,Both,ASV
Urr1.4V_rep2_F1_filt.fastq.gz,33989,ASV,Both,Both,ASV
Urr1.4V_rep2_R1_filt.fastq.gz,18636,ASV,Both,Both,ASV
Urr1.4V_rep3_F1_filt.fastq.gz,40760,ASV,Both,Both,ASV
Urr1.4V_rep3_R1_filt.fastq.gz,29368,ASV,Both,Both,ASV
Urr2.1P_rep1_F1_filt.fastq.gz,38848,ASV,Both,Both,ASV
Urr2.1P_rep1_R1_filt.fastq.gz,24241,ASV,Both,Both,ASV
Urr2.1P_rep2_F1_filt.fastq.gz,47687,ASV,Both,Both,ASV
Urr2.1P_rep2_R1_filt.fastq.gz,38158,ASV,Both,Both,ASV
Urr2.1P_rep3_F1_filt.fastq.gz,22128,ASV,Both,Both,ASV
Urr2.1P_rep3_R1_filt.fastq.gz,15281,ASV,Both,Both,ASV
Urr2.1V_rep1_F1_filt.fastq.gz,56512,ASV,Both,Both,ASV
Urr2.1V_rep1_R1_filt.fastq.gz,41492,ASV,Both,Both,ASV
Urr2.1V_rep2_F1_filt.fastq.gz,33848,ASV,Both,Both,ASV
Urr2.1V_rep2_R1_filt.fastq.gz,20538,ASV,Both,Both,ASV
Urr2.1V_rep3_F1_filt.fastq.gz,32570,ASV,Both,Both,ASV
Urr2.1V_rep3_R1_filt.fastq.gz,18393,ASV,Both,Both,ASV
Urr2.2P_rep1_F1_filt.fastq.gz,27907,ASV,Both,Both,ASV
Urr2.2P_rep1_R1_filt.fastq.gz,20341,ASV,Both,Both,ASV
Urr2.2P_rep2_F1_filt.fastq.gz,22124,ASV,Both,Both,ASV
Urr2.2P_rep2_R1_filt.fastq.gz,15415,ASV,Both,Both,ASV
Urr2.2P_rep3_F1_filt.fastq.gz,36008,ASV,Both,Both,ASV
Urr2.2P_rep3_R1_filt.fastq.gz,25564,ASV,Both,Both,ASV
Urr2.2V_rep1_F1_filt.fastq.gz,45914,ASV,Both,Both,ASV
Urr2.2V_rep1_R1_filt.fastq.gz,37609,ASV,Both,Both,ASV
Urr2.2V_rep2_F1_filt.fastq.gz,49907,ASV,Both,Both,ASV
Urr2.2V_rep2_R1_filt.fastq.gz,36080,ASV,Both,Both,ASV
Urr2.2V_rep3_F1_filt.fastq.gz,21632,ASV,Both,Both,ASV
Urr2.2V_rep3_R1_filt.fastq.gz,12994,ASV,Both,Both,ASV
Urr2.3P_rep1_F1_filt.fastq.gz,30125,ASV,Both,Both,ASV
Urr2.3P_rep1_R1_filt.fastq.gz,23434,ASV,Both,Both,ASV
Urr2.3P_rep2_F1_filt.fastq.gz,15244,ASV,Both,Both,ASV
Urr2.3P_rep2_R1_filt.fastq.gz,11560,ASV,Both,Both,ASV
Urr2.3P_rep3_F1_filt.fastq.gz,29233,ASV,Both,Both,ASV
Urr2.3P_rep3_R1_filt.fastq.gz,16913,ASV,Both,Both,ASV
Urr2.3V_rep1_F1_filt.fastq.gz,27068,ASV,Both,Both,ASV
Urr2.3V_rep1_R1_filt.fastq.gz,22380,ASV,Both,Both,ASV
Urr2.3V_rep2_F1_filt.fastq.gz,36602,ASV,Both,Both,ASV
Urr2.3V_rep2_R1_filt.fastq.gz,25658,ASV,Both,Both,ASV
Urr2.3V_rep3_F1_filt.fastq.gz,58694,ASV,Both,Both,ASV
Urr2.3V_rep3_R1_filt.fastq.gz,45775,ASV,Both,Both,ASV
Urr2.4P_rep1_F1_filt.fastq.gz,29775,ASV,Both,Both,ASV
Urr2.4P_rep1_R1_filt.fastq.gz,14921,ASV,Both,Both,ASV
Urr2.4P_rep2_F1_filt.fastq.gz,45534,ASV,Both,Both,ASV
Urr2.4P_rep2_R1_filt.fastq.gz,30289,ASV,Both,Both,ASV
Urr2.4P_rep3_F1_filt.fastq.gz,38209,ASV,Both,Both,ASV
Urr2.4P_rep3_R1_filt.fastq.gz,24177,ASV,Both,Both,ASV
Urr2.4V_rep1_F1_filt.fastq.gz,31875,ASV,Both,Both,ASV
Urr2.4V_rep1_R1_filt.fastq.gz,17908,ASV,Both,Both,ASV
Urr2.4V_rep2_F1_filt.fastq.gz,141096,ASV,Both,Both,ASV
Urr2.4V_rep2_R1_filt.fastq.gz,98055,ASV,Both,Both,ASV
Urr2.4V_rep3_F1_filt.fastq.gz,47849,ASV,Both,Both,ASV
Urr2.4V_rep3_R1_filt.fastq.gz,33582,ASV,Both,Both,ASV
Pos_ctrl_rep1_F1_filt.fastq.gz,16105,ASV,Both,Both,ASV
Pos_ctrl_rep1_R1_filt.fastq.gz,9573,ASV,Both,Both,ASV
Pos_ctrl_rep2_F1_filt.fastq.gz,21200,ASV,Both,Both,ASV
Pos_ctrl_rep2_R1_filt.fastq.gz,13609,ASV,Both,Both,ASV
Pos_ctrl_rep3_F1_filt.fastq.gz,29919,ASV,Both,Both,ASV
Pos_ctrl_rep3_R1_filt.fastq.gz,16897,ASV,Both,Both,ASV
Ri1.1P_rep1_F1_filt.fastq.gz,21902,ASV,Both,Both,ASV
Ri1.1P_rep1_R1_filt.fastq.gz,14531,ASV,Both,Both,ASV
Ri1.1P_rep2_F1_filt.fastq.gz,28553,ASV,Both,Both,ASV
Ri1.1P_rep2_R1_filt.fastq.gz,20918,ASV,Both,Both,ASV
Ri1.1P_rep3_F1_filt.fastq.gz,23311,ASV,Both,Both,ASV
Ri1.1P_rep3_R1_filt.fastq.gz,17824,ASV,Both,Both,ASV
Ri1.1V_rep1_F1_filt.fastq.gz,23033,ASV,Both,Both,ASV
Ri1.1V_rep1_R1_filt.fastq.gz,13629,ASV,Both,Both,ASV
Ri1.1V_rep2_F1_filt.fastq.gz,25253,ASV,Both,Both,ASV
Ri1.1V_rep2_R1_filt.fastq.gz,20341,ASV,Both,Both,ASV
Ri1.1V_rep3_F1_filt.fastq.gz,27753,ASV,Both,Both,ASV
Ri1.1V_rep3_R1_filt.fastq.gz,19461,ASV,Both,Both,ASV
Ri1.2P_rep1_F1_filt.fastq.gz,25870,ASV,Both,Both,ASV
Ri1.2P_rep1_R1_filt.fastq.gz,21574,ASV,Both,Both,ASV
Ri1.2P_rep2_F1_filt.fastq.gz,32675,ASV,Both,Both,ASV
Ri1.2P_rep2_R1_filt.fastq.gz,21781,ASV,Both,Both,ASV
Ri1.2P_rep3_F1_filt.fastq.gz,34694,ASV,Both,Both,ASV
Ri1.2P_rep3_R1_filt.fastq.gz,26250,ASV,Both,Both,ASV
Ri1.2V_rep1_F1_filt.fastq.gz,26460,ASV,Both,Both,ASV
Ri1.2V_rep1_R1_filt.fastq.gz,20106,ASV,Both,Both,ASV
Ri1.2V_rep2_F1_filt.fastq.gz,22925,ASV,Both,Both,ASV
Ri1.2V_rep2_R1_filt.fastq.gz,14648,ASV,Both,Both,ASV
Ri1.2V_rep3_F1_filt.fastq.gz,22105,ASV,Both,Both,ASV
Ri1.2V_rep3_R1_filt.fastq.gz,15126,ASV,Both,Both,ASV
Ri1.3P_rep1_F1_filt.fastq.gz,22342,ASV,Both,Both,ASV
Ri1.3P_rep1_R1_filt.fastq.gz,18937,ASV,Both,Both,ASV
Ri1.3P_rep2_F1_filt.fastq.gz,14883,ASV,Both,Both,ASV
Ri1.3P_rep2_R1_filt.fastq.gz,12637,ASV,Both,Both,ASV
Ri1.3P_rep3_F1_filt.fastq.gz,14672,ASV,Both,Both,ASV
Ri1.3P_rep3_R1_filt.fastq.gz,9148,ASV,Both,Both,ASV
Ri1.3V_rep1_F1_filt.fastq.gz,28805,ASV,Both,Both,ASV
Ri1.3V_rep1_R1_filt.fastq.gz,20321,ASV,Both,Both,ASV
Ri1.3V_rep2_F1_filt.fastq.gz,14657,ASV,Both,Both,ASV
Ri1.3V_rep2_R1_filt.fastq.gz,18354,ASV,Both,Both,ASV
Ri1.3V_rep3_F1_filt.fastq.gz,99471,ASV,Both,Both,ASV
Ri1.3V_rep3_R1_filt.fastq.gz,77885,ASV,Both,Both,ASV
Ri1.4P_rep1_F1_filt.fastq.gz,17678,ASV,Both,Both,ASV
Ri1.4P_rep1_R1_filt.fastq.gz,21679,ASV,Both,Both,ASV
Ri1.4P_rep2_F1_filt.fastq.gz,35953,ASV,Both,Both,ASV
Ri1.4P_rep2_R1_filt.fastq.gz,25407,ASV,Both,Both,ASV
Ri1.4P_rep3_F1_filt.fastq.gz,18343,ASV,Both,Both,ASV
Ri1.4P_rep3_R1_filt.fastq.gz,14969,ASV,Both,Both,ASV
Ri1.4V_rep1_F1_filt.fastq.gz,27873,ASV,Both,Both,ASV
Ri1.4V_rep1_R1_filt.fastq.gz,21927,ASV,Both,Both,ASV
Ri1.4V_rep2_F1_filt.fastq.gz,33402,ASV,Both,Both,ASV
Ri1.4V_rep2_R1_filt.fastq.gz,22466,ASV,Both,Both,ASV
Ri1.4V_rep3_F1_filt.fastq.gz,38810,ASV,Both,Both,ASV
Ri1.4V_rep3_R1_filt.fastq.gz,29951,ASV,Both,Both,ASV
Ri2.1P_rep1_F1_filt.fastq.gz,18274,ASV,Both,Both,ASV
Ri2.1P_rep1_R1_filt.fastq.gz,9521,ASV,Both,Both,ASV
Ri2.1P_rep2_F1_filt.fastq.gz,23684,ASV,Both,Both,ASV
Ri2.1P_rep2_R1_filt.fastq.gz,11560,ASV,Both,Both,ASV
Ri2.1P_rep3_F1_filt.fastq.gz,24965,ASV,Both,Both,ASV
Ri2.1P_rep3_R1_filt.fastq.gz,16073,ASV,Both,Both,ASV
Ri2.1V_rep1_F1_filt.fastq.gz,26356,ASV,Both,Both,ASV
Ri2.1V_rep1_R1_filt.fastq.gz,15037,ASV,Both,Both,ASV
Ri2.1V_rep2_F1_filt.fastq.gz,49110,ASV,Both,Both,ASV
Ri2.1V_rep2_R1_filt.fastq.gz,31998,ASV,Both,Both,ASV
Ri2.1V_rep3_F1_filt.fastq.gz,52062,ASV,Both,Both,ASV
Ri2.1V_rep3_R1_filt.fastq.gz,34841,ASV,Both,Both,ASV
Ri2.2P_rep1_F1_filt.fastq.gz,61322,ASV,Both,Both,ASV
Ri2.2P_rep1_R1_filt.fastq.gz,38801,ASV,Both,Both,ASV
Ri2.2P_rep2_F1_filt.fastq.gz,28296,ASV,Both,Both,ASV
Ri2.2P_rep2_R1_filt.fastq.gz,15598,ASV,Both,Both,ASV
Ri2.2P_rep3_F1_filt.fastq.gz,42185,ASV,Both,Both,ASV
Ri2.2P_rep3_R1_filt.fastq.gz,28735,ASV,Both,Both,ASV
Ri2.2V_rep1_F1_filt.fastq.gz,33914,ASV,Both,Both,ASV
Ri2.2V_rep1_R1_filt.fastq.gz,22095,ASV,Both,Both,ASV
Ri2.2V_rep2_F1_filt.fastq.gz,37870,ASV,Both,Both,ASV
Ri2.2V_rep2_R1_filt.fastq.gz,24169,ASV,Both,Both,ASV
Ri2.2V_rep3_F1_filt.fastq.gz,36062,ASV,Both,Both,ASV
Ri2.2V_rep3_R1_filt.fastq.gz,25765,ASV,Both,Both,ASV
Ri2.3P_rep1_F1_filt.fastq.gz,19251,ASV,Both,Both,ASV
Ri2.3P_rep1_R1_filt.fastq.gz,16166,ASV,Both,Both,ASV
Ri2.3P_rep2_F1_filt.fastq.gz,22344,ASV,Both,Both,ASV
Ri2.3P_rep2_R1_filt.fastq.gz,15574,ASV,Both,Both,ASV
Ri2.3P_rep3_F1_filt.fastq.gz,12235,ASV,Both,Both,ASV
Ri2.3P_rep3_R1_filt.fastq.gz,6951,ASV,Both,Both,ASV
Ri2.3V_rep1_F1_filt.fastq.gz,25245,ASV,Both,Both,ASV
Ri2.3V_rep1_R1_filt.fastq.gz,19589,ASV,Both,Both,ASV
Ri2.3V_rep2_F1_filt.fastq.gz,43315,ASV,Both,Both,ASV
Ri2.3V_rep2_R1_filt.fastq.gz,30347,ASV,Both,Both,ASV
Ri2.3V_rep3_F1_filt.fastq.gz,31228,ASV,Both,Both,ASV
Ri2.3V_rep3_R1_filt.fastq.gz,20326,ASV,Both,Both,ASV
Ri2.4P_rep1_F1_filt.fastq.gz,19675,ASV,Both,Both,ASV
Ri2.4P_rep1_R1_filt.fastq.gz,12459,ASV,Both,Both,ASV
Ri2.4P_rep2_F1_filt.fastq.gz,63407,ASV,Both,Both,ASV
Ri2.4P_rep2_R1_filt.fastq.gz,39043,ASV,Both,Both,ASV
Ri2.4P_rep3_F1_filt.fastq.gz,24273,ASV,Both,Both,ASV
Ri2.4P_rep3_R1_filt.fastq.gz,18283,ASV,Both,Both,ASV
Ri2.4V_rep1_F1_filt.fastq.gz,85166,ASV,Both,Both,ASV
Ri2.4V_rep1_R1_filt.fastq.gz,72976,ASV,Both,Both,ASV
Ri2.4V_rep2_F1_filt.fastq.gz,37722,ASV,Both,Both,ASV
Ri2.4V_rep2_R1_filt.fastq.gz,28033,ASV,Both,Both,ASV
Ri2.4V_rep3_F1_filt.fastq.gz,38534,ASV,Both,Both,ASV
Ri2.4V_rep3_R1_filt.fastq.gz,28421,ASV,Both,Both,ASV
Urr1.1P_rep1_F1_filt.fastq.gz,12322,ASV,Both,Both,ASV
Urr1.1P_rep1_R1_filt.fastq.gz,8077,ASV,Both,Both,ASV
Urr1.1P_rep2_F1_filt.fastq.gz,19908,ASV,Both,Both,ASV
Urr1.1P_rep2_R1_filt.fastq.gz,9796,ASV,Both,Both,ASV
Urr1.1P_rep3_F1_filt.fastq.gz,31892,ASV,Both,Both,ASV
Urr1.1P_rep3_R1_filt.fastq.gz,22886,ASV,Both,Both,ASV
Urr1.1V_rep1_F1_filt.fastq.gz,19375,ASV,Both,Both,ASV
Urr1.1V_rep1_R1_filt.fastq.gz,10401,ASV,Both,Both,ASV
Urr1.1V_rep2_F1_filt.fastq.gz,29029,ASV,Both,Both,ASV
Urr1.1V_rep2_R1_filt.fastq.gz,18970,ASV,Both,Both,ASV
Urr1.1V_rep3_F1_filt.fastq.gz,57581,ASV,Both,Both,ASV
Urr1.1V_rep3_R1_filt.fastq.gz,37148,ASV,Both,Both,ASV
Urr1.2P_rep1_F1_filt.fastq.gz,20564,ASV,Both,Both,ASV
Urr1.2P_rep1_R1_filt.fastq.gz,8962,ASV,Both,Both,ASV
Urr1.2P_rep2_F1_filt.fastq.gz,23007,ASV,Both,Both,ASV
Urr1.2P_rep2_R1_filt.fastq.gz,17170,ASV,Both,Both,ASV
Urr1.2P_rep3_F1_filt.fastq.gz,43549,ASV,Both,Both,ASV
Urr1.2P_rep3_R1_filt.fastq.gz,27898,ASV,Both,Both,ASV
Urr1.2V_rep1_F1_filt.fastq.gz,38513,ASV,Both,Both,ASV
Urr1.2V_rep1_R1_filt.fastq.gz,28131,ASV,Both,Both,ASV
Urr1.2V_rep2_F1_filt.fastq.gz,39705,ASV,Both,Both,ASV
Urr1.2V_rep2_R1_filt.fastq.gz,22071,ASV,Both,Both,ASV
Urr1.2V_rep3_F1_filt.fastq.gz,69817,ASV,Both,Both,ASV
Urr1.2V_rep3_R1_filt.fastq.gz,49666,ASV,Both,Both,ASV
Urr1.3P_rep1_F1_filt.fastq.gz,18926,ASV,Both,Both,ASV
Urr1.3P_rep1_R1_filt.fastq.gz,11246,ASV,Both,Both,ASV
Urr1.3P_rep2_F1_filt.fastq.gz,34317,ASV,Both,Both,ASV
Urr1.3P_rep2_R1_filt.fastq.gz,17718,ASV,Both,Both,ASV
Urr1.3P_rep3_F1_filt.fastq.gz,26374,ASV,Both,Both,ASV
Urr1.3P_rep3_R1_filt.fastq.gz,19102,ASV,Both,Both,ASV
Urr1.3V_rep1_F1_filt.fastq.gz,49648,ASV,Both,Both,ASV
Urr1.3V_rep1_R1_filt.fastq.gz,32327,ASV,Both,Both,ASV
Urr1.3V_rep2_F1_filt.fastq.gz,44154,ASV,Both,Both,ASV
Urr1.3V_rep2_R1_filt.fastq.gz,24041,ASV,Both,Both,ASV
Urr1.3V_rep3_F1_filt.fastq.gz,54983,ASV,Both,Both,ASV
Urr1.3V_rep3_R1_filt.fastq.gz,34720,ASV,Both,Both,ASV
Urr1.4P_rep1_F1_filt.fastq.gz,13208,ASV,Both,Both,ASV
Urr1.4P_rep1_R1_filt.fastq.gz,7903,ASV,Both,Both,ASV
Urr1.4P_rep2_F1_filt.fastq.gz,20571,ASV,Both,Both,ASV
Urr1.4P_rep2_R1_filt.fastq.gz,10766,ASV,Both,Both,ASV
Urr1.4P_rep3_F1_filt.fastq.gz,25957,ASV,Both,Both,ASV
Urr1.4P_rep3_R1_filt.fastq.gz,19707,ASV,Both,Both,ASV
Urr1.4V_rep1_F1_filt.fastq.gz,35779,ASV,Both,Both,ASV
Urr1.4V_rep1_R1_filt.fastq.gz,20590,ASV,Both,Both,ASV
Urr1.4V_rep2_F1_filt.fastq.gz,33989,ASV,Both,Both,ASV
Urr1.4V_rep2_R1_filt.fastq.gz,18636,ASV,Both,Both,ASV
Urr1.4V_rep3_F1_filt.fastq.gz,40760,ASV,Both,Both,ASV
Urr1.4V_rep3_R1_filt.fastq.gz,29368,ASV,Both,Both,ASV
Urr2.1P_rep1_F1_filt.fastq.gz,38848,ASV,Both,Both,ASV
Urr2.1P_rep1_R1_filt.fastq.gz,24241,ASV,Both,Both,ASV
Urr2.1P_rep2_F1_filt.fastq.gz,47687,ASV,Both,Both,ASV
Urr2.1P_rep2_R1_filt.fastq.gz,38158,ASV,Both,Both,ASV
Urr2.1P_rep3_F1_filt.fastq.gz,22128,ASV,Both,Both,ASV
Urr2.1P_rep3_R1_filt.fastq.gz,15281,ASV,Both,Both,ASV
Urr2.1V_rep1_F1_filt.fastq.gz,56512,ASV,Both,Both,ASV
Urr2.1V_rep1_R1_filt.fastq.gz,41492,ASV,Both,Both,ASV
Urr2.1V_rep2_F1_filt.fastq.gz,33848,ASV,Both,Both,ASV
Urr2.1V_rep2_R1_filt.fastq.gz,20538,ASV,Both,Both,ASV
Urr2.1V_rep3_F1_filt.fastq.gz,32570,ASV,Both,Both,ASV
Urr2.1V_rep3_R1_filt.fastq.gz,18393,ASV,Both,Both,ASV
Urr2.2P_rep1_F1_filt.fastq.gz,27907,ASV,Both,Both,ASV
Urr2.2P_rep1_R1_filt.fastq.gz,20341,ASV,Both,Both,ASV
Urr2.2P_rep2_F1_filt.fastq.gz,22124,ASV,Both,Both,ASV
Urr2.2P_rep2_R1_filt.fastq.gz,15415,ASV,Both,Both,ASV
Urr2.2P_rep3_F1_filt.fastq.gz,36008,ASV,Both,Both,ASV
Urr2.2P_rep3_R1_filt.fastq.gz,25564,ASV,Both,Both,ASV
Urr2.2V_rep1_F1_filt.fastq.gz,45914,ASV,Both,Both,ASV
Urr2.2V_rep1_R1_filt.fastq.gz,37609,ASV,Both,Both,ASV
Urr2.2V_rep2_F1_filt.fastq.gz,49907,ASV,Both,Both,ASV
Urr2.2V_rep2_R1_filt.fastq.gz,36080,ASV,Both,Both,ASV
Urr2.2V_rep3_F1_filt.fastq.gz,21632,ASV,Both,Both,ASV
Urr2.2V_rep3_R1_filt.fastq.gz,12994,ASV,Both,Both,ASV
Urr2.3P_rep1_F1_filt.fastq.gz,30125,ASV,Both,Both,ASV
Urr2.3P_rep1_R1_filt.fastq.gz,23434,ASV,Both,Both,ASV
Urr2.3P_rep2_F1_filt.fastq.gz,15244,ASV,Both,Both,ASV
Urr2.3P_rep2_R1_filt.fastq.gz,11560,ASV,Both,Both,ASV
Urr2.3P_rep3_F1_filt.fastq.gz,29233,ASV,Both,Both,ASV
Urr2.3P_rep3_R1_filt.fastq.gz,16913,ASV,Both,Both,ASV
Urr2.3V_rep1_F1_filt.fastq.gz,27068,ASV,Both,Both,ASV
Urr2.3V_rep1_R1_filt.fastq.gz,22380,ASV,Both,Both,ASV
Urr2.3V_rep2_F1_filt.fastq.gz,36602,ASV,Both,Both,ASV
Urr2.3V_rep2_R1_filt.fastq.gz,25658,ASV,Both,Both,ASV
Urr2.3V_rep3_F1_filt.fastq.gz,58694,ASV,Both,Both,ASV
Urr2.3V_rep3_R1_filt.fastq.gz,45775,ASV,Both,Both,ASV
Urr2.4P_rep1_F1_filt.fastq.gz,29775,ASV,Both,Both,ASV
Urr2.4P_rep1_R1_filt.fastq.gz,14921,ASV,Both,Both,ASV
Urr2.4P_rep2_F1_filt.fastq.gz,45534,ASV,Both,Both,ASV
Urr2.4P_rep2_R1_filt.fastq.gz,30289,ASV,Both,Both,ASV
Urr2.4P_rep3_F1_filt.fastq.gz,38209,ASV,Both,Both,ASV
Urr2.4P_rep3_R1_filt.fastq.gz,24177,ASV,Both,Both,ASV
Urr2.4V_rep1_F1_filt.fastq.gz,31875,ASV,Both,Both,ASV
Urr2.4V_rep1_R1_filt.fastq.gz,17908,ASV,Both,Both,ASV
Urr2.4V_rep2_F1_filt.fastq.gz,141096,ASV,Both,Both,ASV
Urr2.4V_rep2_R1_filt.fastq.gz,98055,ASV,Both,Both,ASV
Urr2.4V_rep3_F1_filt.fastq.gz,47849,ASV,Both,Both,ASV
Urr2.4V_rep3_R1_filt.fastq.gz,33582,ASV,Both,Both,ASV
Ri1.1P_rep1_R1_filt.fastq.gz,14686,Tabled,Both,Both,FUSION
Ri1.2P_rep1_R1_filt.fastq.gz,21641,Tabled,Both,Both,FUSION
Ri1.3V_rep1_R1_filt.fastq.gz,20690,Tabled,Both,Both,FUSION
Ri1.4V_rep1_R1_filt.fastq.gz,22219,Tabled,Both,Both,FUSION
Ri1.4P_rep2_R1_filt.fastq.gz,25725,Tabled,Both,Both,FUSION
Ri1.1P_rep3_R1_filt.fastq.gz,18118,Tabled,Both,Both,FUSION
Ri1.2V_rep3_R1_filt.fastq.gz,15155,Tabled,Both,Both,FUSION
Ri1.3V_rep3_R1_filt.fastq.gz,80517,Tabled,Both,Both,FUSION
Ri2.1V_rep1_R1_filt.fastq.gz,15307,Tabled,Both,Both,FUSION
Ri2.2V_rep1_R1_filt.fastq.gz,22165,Tabled,Both,Both,FUSION
Pos_ctrl_rep2_R1_filt.fastq.gz,13609,Tabled,Both,Both,FUSION
Ri1.1V_rep1_R1_filt.fastq.gz,13637,Tabled,Both,Both,FUSION
Ri1.3P_rep1_R1_filt.fastq.gz,19429,Tabled,Both,Both,FUSION
Ri1.4V_rep3_R1_filt.fastq.gz,30316,Tabled,Both,Both,FUSION
Ri2.4P_rep1_R1_filt.fastq.gz,12496,Tabled,Both,Both,FUSION
Pos_ctrl_rep3_R1_filt.fastq.gz,16897,Tabled,Both,Both,FUSION
Ri1.2V_rep1_R1_filt.fastq.gz,20111,Tabled,Both,Both,FUSION
Ri1.1V_rep2_R1_filt.fastq.gz,20411,Tabled,Both,Both,FUSION
Ri2.3P_rep1_R1_filt.fastq.gz,16828,Tabled,Both,Both,FUSION
Ri2.3V_rep1_R1_filt.fastq.gz,20409,Tabled,Both,Both,FUSION
Ri1.4P_rep1_R1_filt.fastq.gz,21931,Tabled,Both,Both,FUSION
Ri1.4V_rep2_R1_filt.fastq.gz,22708,Tabled,Both,Both,FUSION
Ri2.2P_rep1_R1_filt.fastq.gz,39914,Tabled,Both,Both,FUSION
Ri1.3P_rep2_R1_filt.fastq.gz,13001,Tabled,Both,Both,FUSION
Ri1.2V_rep2_R1_filt.fastq.gz,14661,Tabled,Both,Both,FUSION
Ri1.4P_rep3_R1_filt.fastq.gz,15122,Tabled,Both,Both,FUSION
Pos_ctrl_rep1_R1_filt.fastq.gz,9573,Tabled,Both,Both,FUSION
Ri1.3V_rep2_R1_filt.fastq.gz,18645,Tabled,Both,Both,FUSION
Ri1.2P_rep3_R1_filt.fastq.gz,26310,Tabled,Both,Both,FUSION
Ri2.1P_rep1_R1_filt.fastq.gz,9577,Tabled,Both,Both,FUSION
Ri1.2P_rep2_R1_filt.fastq.gz,21817,Tabled,Both,Both,FUSION
Ri1.1V_rep3_R1_filt.fastq.gz,19546,Tabled,Both,Both,FUSION
Ri1.1P_rep2_R1_filt.fastq.gz,21299,Tabled,Both,Both,FUSION
Ri1.3P_rep3_R1_filt.fastq.gz,9437,Tabled,Both,Both,FUSION
Ri2.4V_rep1_R1_filt.fastq.gz,73938,Tabled,Both,Both,FUSION
Ri2.1P_rep3_R1_filt.fastq.gz,16193,Tabled,Both,Both,FUSION
Ri2.4P_rep3_R1_filt.fastq.gz,18344,Tabled,Both,Both,FUSION
Urr1.3P_rep1_R1_filt.fastq.gz,11389,Tabled,Both,Both,FUSION
Urr1.4V_rep2_R1_filt.fastq.gz,18853,Tabled,Both,Both,FUSION
Ri2.3P_rep2_R1_filt.fastq.gz,16187,Tabled,Both,Both,FUSION
Ri2.2P_rep3_R1_filt.fastq.gz,29725,Tabled,Both,Both,FUSION
Urr1.2P_rep2_R1_filt.fastq.gz,17185,Tabled,Both,Both,FUSION
Urr1.2V_rep1_R1_filt.fastq.gz,28441,Tabled,Both,Both,FUSION
Ri2.2P_rep2_R1_filt.fastq.gz,16100,Tabled,Both,Both,FUSION
Ri2.1V_rep2_R1_filt.fastq.gz,32514,Tabled,Both,Both,FUSION
Ri2.4V_rep2_R1_filt.fastq.gz,28354,Tabled,Both,Both,FUSION
Ri2.2V_rep3_R1_filt.fastq.gz,26062,Tabled,Both,Both,FUSION
Urr1.2P_rep1_R1_filt.fastq.gz,8965,Tabled,Both,Both,FUSION
Urr1.4P_rep1_R1_filt.fastq.gz,7911,Tabled,Both,Both,FUSION
Urr1.3P_rep2_R1_filt.fastq.gz,17938,Tabled,Both,Both,FUSION
Ri2.4V_rep3_R1_filt.fastq.gz,28577,Tabled,Both,Both,FUSION
Urr1.1P_rep1_R1_filt.fastq.gz,8084,Tabled,Both,Both,FUSION
Urr1.1V_rep1_R1_filt.fastq.gz,10778,Tabled,Both,Both,FUSION
Ri2.3V_rep3_R1_filt.fastq.gz,21045,Tabled,Both,Both,FUSION
Urr1.3V_rep1_R1_filt.fastq.gz,32453,Tabled,Both,Both,FUSION
Urr1.2V_rep2_R1_filt.fastq.gz,22307,Tabled,Both,Both,FUSION
Urr1.1P_rep2_R1_filt.fastq.gz,9801,Tabled,Both,Both,FUSION
Ri2.1P_rep2_R1_filt.fastq.gz,11689,Tabled,Both,Both,FUSION
Ri2.3P_rep3_R1_filt.fastq.gz,7266,Tabled,Both,Both,FUSION
Ri2.2V_rep2_R1_filt.fastq.gz,24457,Tabled,Both,Both,FUSION
Urr1.1V_rep2_R1_filt.fastq.gz,19598,Tabled,Both,Both,FUSION
Ri2.4P_rep2_R1_filt.fastq.gz,39395,Tabled,Both,Both,FUSION
Ri2.3V_rep2_R1_filt.fastq.gz,31627,Tabled,Both,Both,FUSION
Ri2.1V_rep3_R1_filt.fastq.gz,35888,Tabled,Both,Both,FUSION
Urr1.4V_rep1_R1_filt.fastq.gz,20794,Tabled,Both,Both,FUSION
Urr1.4P_rep2_R1_filt.fastq.gz,10775,Tabled,Both,Both,FUSION
Urr1.3V_rep2_R1_filt.fastq.gz,24101,Tabled,Both,Both,FUSION
Urr1.3P_rep3_R1_filt.fastq.gz,19256,Tabled,Both,Both,FUSION
Urr2.4P_rep1_R1_filt.fastq.gz,14970,Tabled,Both,Both,FUSION
Urr2.1V_rep1_R1_filt.fastq.gz,42605,Tabled,Both,Both,FUSION
Urr2.2P_rep2_R1_filt.fastq.gz,15435,Tabled,Both,Both,FUSION
Urr2.2P_rep1_R1_filt.fastq.gz,20341,Tabled,Both,Both,FUSION
Urr2.4V_rep2_R1_filt.fastq.gz,98664,Tabled,Both,Both,FUSION
Urr2.4P_rep3_R1_filt.fastq.gz,24274,Tabled,Both,Both,FUSION
Urr2.4V_rep3_R1_filt.fastq.gz,33625,Tabled,Both,Both,FUSION
Urr1.4V_rep3_R1_filt.fastq.gz,29687,Tabled,Both,Both,FUSION
Urr2.4V_rep1_R1_filt.fastq.gz,17950,Tabled,Both,Both,FUSION
Urr2.4P_rep2_R1_filt.fastq.gz,30529,Tabled,Both,Both,FUSION
Urr2.3V_rep2_R1_filt.fastq.gz,25679,Tabled,Both,Both,FUSION
Urr2.2P_rep3_R1_filt.fastq.gz,25570,Tabled,Both,Both,FUSION
Urr2.1V_rep3_R1_filt.fastq.gz,18701,Tabled,Both,Both,FUSION
Urr1.1P_rep3_R1_filt.fastq.gz,23004,Tabled,Both,Both,FUSION
Urr1.3V_rep3_R1_filt.fastq.gz,34848,Tabled,Both,Both,FUSION
Urr2.3P_rep1_R1_filt.fastq.gz,23702,Tabled,Both,Both,FUSION
Urr2.2V_rep1_R1_filt.fastq.gz,38050,Tabled,Both,Both,FUSION
Urr2.2V_rep2_R1_filt.fastq.gz,36311,Tabled,Both,Both,FUSION
Urr2.1P_rep3_R1_filt.fastq.gz,15290,Tabled,Both,Both,FUSION
Urr1.2P_rep3_R1_filt.fastq.gz,27944,Tabled,Both,Both,FUSION
Urr2.1P_rep1_R1_filt.fastq.gz,24264,Tabled,Both,Both,FUSION
Urr2.3V_rep3_R1_filt.fastq.gz,45805,Tabled,Both,Both,FUSION
Urr1.4P_rep3_R1_filt.fastq.gz,19728,Tabled,Both,Both,FUSION
Urr2.3V_rep1_R1_filt.fastq.gz,22400,Tabled,Both,Both,FUSION
Urr2.3P_rep3_R1_filt.fastq.gz,17068,Tabled,Both,Both,FUSION
Urr2.1P_rep2_R1_filt.fastq.gz,38182,Tabled,Both,Both,FUSION
Urr2.3P_rep2_R1_filt.fastq.gz,11588,Tabled,Both,Both,FUSION
Urr1.1V_rep3_R1_filt.fastq.gz,37748,Tabled,Both,Both,FUSION
Urr1.2V_rep3_R1_filt.fastq.gz,50112,Tabled,Both,Both,FUSION
Urr2.1V_rep2_R1_filt.fastq.gz,20836,Tabled,Both,Both,FUSION
Urr2.2V_rep3_R1_filt.fastq.gz,13097,Tabled,Both,Both,FUSION
Ri1.1P_rep1_F1_filt.fastq.gz,21963,Tabled,Both,Both,FUSION
Ri1.2P_rep1_F1_filt.fastq.gz,25961,Tabled,Both,Both,FUSION
Ri1.3V_rep1_F1_filt.fastq.gz,29223,Tabled,Both,Both,FUSION
Ri1.4V_rep1_F1_filt.fastq.gz,28236,Tabled,Both,Both,FUSION
Ri1.4P_rep2_F1_filt.fastq.gz,36214,Tabled,Both,Both,FUSION
Ri1.1P_rep3_F1_filt.fastq.gz,23486,Tabled,Both,Both,FUSION
Ri1.2V_rep3_F1_filt.fastq.gz,22141,Tabled,Both,Both,FUSION
Ri1.3V_rep3_F1_filt.fastq.gz,102191,Tabled,Both,Both,FUSION
Ri2.1V_rep1_F1_filt.fastq.gz,26591,Tabled,Both,Both,FUSION
Ri2.2V_rep1_F1_filt.fastq.gz,33997,Tabled,Both,Both,FUSION
Pos_ctrl_rep2_F1_filt.fastq.gz,21200,Tabled,Both,Both,FUSION
Ri1.1V_rep1_F1_filt.fastq.gz,23061,Tabled,Both,Both,FUSION
Ri1.3P_rep1_F1_filt.fastq.gz,22808,Tabled,Both,Both,FUSION
Ri1.4V_rep3_F1_filt.fastq.gz,39359,Tabled,Both,Both,FUSION
Ri2.4P_rep1_F1_filt.fastq.gz,19888,Tabled,Both,Both,FUSION
Pos_ctrl_rep3_F1_filt.fastq.gz,29919,Tabled,Both,Both,FUSION
Ri1.2V_rep1_F1_filt.fastq.gz,26490,Tabled,Both,Both,FUSION
Ri1.1V_rep2_F1_filt.fastq.gz,25296,Tabled,Both,Both,FUSION
Ri2.3P_rep1_F1_filt.fastq.gz,19582,Tabled,Both,Both,FUSION
Ri2.3V_rep1_F1_filt.fastq.gz,26255,Tabled,Both,Both,FUSION
Ri1.4P_rep1_F1_filt.fastq.gz,17742,Tabled,Both,Both,FUSION
Ri1.4V_rep2_F1_filt.fastq.gz,33812,Tabled,Both,Both,FUSION
Ri2.2P_rep1_F1_filt.fastq.gz,62539,Tabled,Both,Both,FUSION
Ri1.3P_rep2_F1_filt.fastq.gz,15287,Tabled,Both,Both,FUSION
Ri1.2V_rep2_F1_filt.fastq.gz,23098,Tabled,Both,Both,FUSION
Ri1.4P_rep3_F1_filt.fastq.gz,18394,Tabled,Both,Both,FUSION
Pos_ctrl_rep1_F1_filt.fastq.gz,16107,Tabled,Both,Both,FUSION
Ri1.3V_rep2_F1_filt.fastq.gz,14870,Tabled,Both,Both,FUSION
Ri1.2P_rep3_F1_filt.fastq.gz,34772,Tabled,Both,Both,FUSION
Ri2.1P_rep1_F1_filt.fastq.gz,18374,Tabled,Both,Both,FUSION
Ri1.2P_rep2_F1_filt.fastq.gz,32717,Tabled,Both,Both,FUSION
Ri1.1V_rep3_F1_filt.fastq.gz,27796,Tabled,Both,Both,FUSION
Ri1.1P_rep2_F1_filt.fastq.gz,28723,Tabled,Both,Both,FUSION
Ri1.3P_rep3_F1_filt.fastq.gz,15154,Tabled,Both,Both,FUSION
Ri2.4V_rep1_F1_filt.fastq.gz,85774,Tabled,Both,Both,FUSION
Ri2.1P_rep3_F1_filt.fastq.gz,25130,Tabled,Both,Both,FUSION
Ri2.4P_rep3_F1_filt.fastq.gz,24347,Tabled,Both,Both,FUSION
Urr1.3P_rep1_F1_filt.fastq.gz,18980,Tabled,Both,Both,FUSION
Urr1.4V_rep2_F1_filt.fastq.gz,34280,Tabled,Both,Both,FUSION
Ri2.3P_rep2_F1_filt.fastq.gz,22879,Tabled,Both,Both,FUSION
Ri2.2P_rep3_F1_filt.fastq.gz,42920,Tabled,Both,Both,FUSION
Urr1.2P_rep2_F1_filt.fastq.gz,23024,Tabled,Both,Both,FUSION
Urr1.2V_rep1_F1_filt.fastq.gz,39025,Tabled,Both,Both,FUSION
Ri2.2P_rep2_F1_filt.fastq.gz,28964,Tabled,Both,Both,FUSION
Ri2.1V_rep2_F1_filt.fastq.gz,50111,Tabled,Both,Both,FUSION
Ri2.4V_rep2_F1_filt.fastq.gz,37888,Tabled,Both,Both,FUSION
Ri2.2V_rep3_F1_filt.fastq.gz,36241,Tabled,Both,Both,FUSION
Urr1.2P_rep1_F1_filt.fastq.gz,20580,Tabled,Both,Both,FUSION
Urr1.4P_rep1_F1_filt.fastq.gz,13217,Tabled,Both,Both,FUSION
Urr1.3P_rep2_F1_filt.fastq.gz,34565,Tabled,Both,Both,FUSION
Ri2.4V_rep3_F1_filt.fastq.gz,38645,Tabled,Both,Both,FUSION
Urr1.1P_rep1_F1_filt.fastq.gz,12326,Tabled,Both,Both,FUSION
Urr1.1V_rep1_F1_filt.fastq.gz,19520,Tabled,Both,Both,FUSION
Ri2.3V_rep3_F1_filt.fastq.gz,31936,Tabled,Both,Both,FUSION
Urr1.3V_rep1_F1_filt.fastq.gz,49872,Tabled,Both,Both,FUSION
Urr1.2V_rep2_F1_filt.fastq.gz,40081,Tabled,Both,Both,FUSION
Urr1.1P_rep2_F1_filt.fastq.gz,19914,Tabled,Both,Both,FUSION
Ri2.1P_rep2_F1_filt.fastq.gz,23817,Tabled,Both,Both,FUSION
Ri2.3P_rep3_F1_filt.fastq.gz,12699,Tabled,Both,Both,FUSION
Ri2.2V_rep2_F1_filt.fastq.gz,38176,Tabled,Both,Both,FUSION
Urr1.1V_rep2_F1_filt.fastq.gz,29293,Tabled,Both,Both,FUSION
Ri2.4P_rep2_F1_filt.fastq.gz,63862,Tabled,Both,Both,FUSION
Ri2.3V_rep2_F1_filt.fastq.gz,44676,Tabled,Both,Both,FUSION
Ri2.1V_rep3_F1_filt.fastq.gz,52737,Tabled,Both,Both,FUSION
Urr1.4V_rep1_F1_filt.fastq.gz,36044,Tabled,Both,Both,FUSION
Urr1.4P_rep2_F1_filt.fastq.gz,20593,Tabled,Both,Both,FUSION
Urr1.3V_rep2_F1_filt.fastq.gz,44653,Tabled,Both,Both,FUSION
Urr1.3P_rep3_F1_filt.fastq.gz,26451,Tabled,Both,Both,FUSION
Urr2.4P_rep1_F1_filt.fastq.gz,29857,Tabled,Both,Both,FUSION
Urr2.1V_rep1_F1_filt.fastq.gz,57575,Tabled,Both,Both,FUSION
Urr2.2P_rep2_F1_filt.fastq.gz,22216,Tabled,Both,Both,FUSION
Urr2.2P_rep1_F1_filt.fastq.gz,27979,Tabled,Both,Both,FUSION
Urr2.4V_rep2_F1_filt.fastq.gz,142101,Tabled,Both,Both,FUSION
Urr2.4P_rep3_F1_filt.fastq.gz,38292,Tabled,Both,Both,FUSION
Urr2.4V_rep3_F1_filt.fastq.gz,48078,Tabled,Both,Both,FUSION
Urr1.4V_rep3_F1_filt.fastq.gz,41115,Tabled,Both,Both,FUSION
Urr2.4V_rep1_F1_filt.fastq.gz,31997,Tabled,Both,Both,FUSION
Urr2.4P_rep2_F1_filt.fastq.gz,45729,Tabled,Both,Both,FUSION
Urr2.3V_rep2_F1_filt.fastq.gz,36653,Tabled,Both,Both,FUSION
Urr2.2P_rep3_F1_filt.fastq.gz,36059,Tabled,Both,Both,FUSION
Urr2.1V_rep3_F1_filt.fastq.gz,32996,Tabled,Both,Both,FUSION
Urr1.1P_rep3_F1_filt.fastq.gz,32123,Tabled,Both,Both,FUSION
Urr1.3V_rep3_F1_filt.fastq.gz,55546,Tabled,Both,Both,FUSION
Urr2.3P_rep1_F1_filt.fastq.gz,30254,Tabled,Both,Both,FUSION
Urr2.2V_rep1_F1_filt.fastq.gz,46259,Tabled,Both,Both,FUSION
Urr2.2V_rep2_F1_filt.fastq.gz,50087,Tabled,Both,Both,FUSION
Urr2.1P_rep3_F1_filt.fastq.gz,22182,Tabled,Both,Both,FUSION
Urr1.2P_rep3_F1_filt.fastq.gz,43609,Tabled,Both,Both,FUSION
Urr2.1P_rep1_F1_filt.fastq.gz,38992,Tabled,Both,Both,FUSION
Urr2.3V_rep3_F1_filt.fastq.gz,58799,Tabled,Both,Both,FUSION
Urr1.4P_rep3_F1_filt.fastq.gz,26009,Tabled,Both,Both,FUSION
Urr2.3V_rep1_F1_filt.fastq.gz,27103,Tabled,Both,Both,FUSION
Urr2.3P_rep3_F1_filt.fastq.gz,29286,Tabled,Both,Both,FUSION
Urr2.1P_rep2_F1_filt.fastq.gz,47748,Tabled,Both,Both,FUSION
Urr2.3P_rep2_F1_filt.fastq.gz,15276,Tabled,Both,Both,FUSION
Urr1.1V_rep3_F1_filt.fastq.gz,58273,Tabled,Both,Both,FUSION
Urr1.2V_rep3_F1_filt.fastq.gz,70332,Tabled,Both,Both,FUSION
Urr2.1V_rep2_F1_filt.fastq.gz,34217,Tabled,Both,Both,FUSION
Urr2.2V_rep3_F1_filt.fastq.gz,21686,Tabled,Both,Both,FUSION
Ri1.1P_rep1_R1_filt.fastq.gz,14686,Tabled.rev,Rev,Both,Tabled
Ri1.2P_rep1_R1_filt.fastq.gz,21641,Tabled.rev,Rev,Both,Tabled
Ri1.3V_rep1_R1_filt.fastq.gz,20690,Tabled.rev,Rev,Both,Tabled
Ri1.4V_rep1_R1_filt.fastq.gz,22219,Tabled.rev,Rev,Both,Tabled
Ri1.4P_rep2_R1_filt.fastq.gz,25725,Tabled.rev,Rev,Both,Tabled
Ri1.1P_rep3_R1_filt.fastq.gz,18118,Tabled.rev,Rev,Both,Tabled
Ri1.2V_rep3_R1_filt.fastq.gz,15155,Tabled.rev,Rev,Both,Tabled
Ri1.3V_rep3_R1_filt.fastq.gz,80517,Tabled.rev,Rev,Both,Tabled
Ri2.1V_rep1_R1_filt.fastq.gz,15307,Tabled.rev,Rev,Both,Tabled
Ri2.2V_rep1_R1_filt.fastq.gz,22165,Tabled.rev,Rev,Both,Tabled
Pos_ctrl_rep2_R1_filt.fastq.gz,13609,Tabled.rev,Rev,Both,Tabled
Ri1.1V_rep1_R1_filt.fastq.gz,13637,Tabled.rev,Rev,Both,Tabled
Ri1.3P_rep1_R1_filt.fastq.gz,19429,Tabled.rev,Rev,Both,Tabled
Ri1.4V_rep3_R1_filt.fastq.gz,30316,Tabled.rev,Rev,Both,Tabled
Ri2.4P_rep1_R1_filt.fastq.gz,12496,Tabled.rev,Rev,Both,Tabled
Pos_ctrl_rep3_R1_filt.fastq.gz,16897,Tabled.rev,Rev,Both,Tabled
Ri1.2V_rep1_R1_filt.fastq.gz,20111,Tabled.rev,Rev,Both,Tabled
Ri1.1V_rep2_R1_filt.fastq.gz,20411,Tabled.rev,Rev,Both,Tabled
Ri2.3P_rep1_R1_filt.fastq.gz,16828,Tabled.rev,Rev,Both,Tabled
Ri2.3V_rep1_R1_filt.fastq.gz,20409,Tabled.rev,Rev,Both,Tabled
Ri1.4P_rep1_R1_filt.fastq.gz,21931,Tabled.rev,Rev,Both,Tabled
Ri1.4V_rep2_R1_filt.fastq.gz,22708,Tabled.rev,Rev,Both,Tabled
Ri2.2P_rep1_R1_filt.fastq.gz,39914,Tabled.rev,Rev,Both,Tabled
Ri1.3P_rep2_R1_filt.fastq.gz,13001,Tabled.rev,Rev,Both,Tabled
Ri1.2V_rep2_R1_filt.fastq.gz,14661,Tabled.rev,Rev,Both,Tabled
Ri1.4P_rep3_R1_filt.fastq.gz,15122,Tabled.rev,Rev,Both,Tabled
Pos_ctrl_rep1_R1_filt.fastq.gz,9573,Tabled.rev,Rev,Both,Tabled
Ri1.3V_rep2_R1_filt.fastq.gz,18645,Tabled.rev,Rev,Both,Tabled
Ri1.2P_rep3_R1_filt.fastq.gz,26310,Tabled.rev,Rev,Both,Tabled
Ri2.1P_rep1_R1_filt.fastq.gz,9577,Tabled.rev,Rev,Both,Tabled
Ri1.2P_rep2_R1_filt.fastq.gz,21817,Tabled.rev,Rev,Both,Tabled
Ri1.1V_rep3_R1_filt.fastq.gz,19546,Tabled.rev,Rev,Both,Tabled
Ri1.1P_rep2_R1_filt.fastq.gz,21299,Tabled.rev,Rev,Both,Tabled
Ri1.3P_rep3_R1_filt.fastq.gz,9437,Tabled.rev,Rev,Both,Tabled
Ri2.4V_rep1_R1_filt.fastq.gz,73938,Tabled.rev,Rev,Both,Tabled
Ri2.1P_rep3_R1_filt.fastq.gz,16193,Tabled.rev,Rev,Both,Tabled
Ri2.4P_rep3_R1_filt.fastq.gz,18344,Tabled.rev,Rev,Both,Tabled
Urr1.3P_rep1_R1_filt.fastq.gz,11389,Tabled.rev,Rev,Both,Tabled
Urr1.4V_rep2_R1_filt.fastq.gz,18853,Tabled.rev,Rev,Both,Tabled
Ri2.3P_rep2_R1_filt.fastq.gz,16187,Tabled.rev,Rev,Both,Tabled
Ri2.2P_rep3_R1_filt.fastq.gz,29725,Tabled.rev,Rev,Both,Tabled
Urr1.2P_rep2_R1_filt.fastq.gz,17185,Tabled.rev,Rev,Both,Tabled
Urr1.2V_rep1_R1_filt.fastq.gz,28441,Tabled.rev,Rev,Both,Tabled
Ri2.2P_rep2_R1_filt.fastq.gz,16100,Tabled.rev,Rev,Both,Tabled
Ri2.1V_rep2_R1_filt.fastq.gz,32514,Tabled.rev,Rev,Both,Tabled
Ri2.4V_rep2_R1_filt.fastq.gz,28354,Tabled.rev,Rev,Both,Tabled
Ri2.2V_rep3_R1_filt.fastq.gz,26062,Tabled.rev,Rev,Both,Tabled
Urr1.2P_rep1_R1_filt.fastq.gz,8965,Tabled.rev,Rev,Both,Tabled
Urr1.4P_rep1_R1_filt.fastq.gz,7911,Tabled.rev,Rev,Both,Tabled
Urr1.3P_rep2_R1_filt.fastq.gz,17938,Tabled.rev,Rev,Both,Tabled
Ri2.4V_rep3_R1_filt.fastq.gz,28577,Tabled.rev,Rev,Both,Tabled
Urr1.1P_rep1_R1_filt.fastq.gz,8084,Tabled.rev,Rev,Both,Tabled
Urr1.1V_rep1_R1_filt.fastq.gz,10778,Tabled.rev,Rev,Both,Tabled
Ri2.3V_rep3_R1_filt.fastq.gz,21045,Tabled.rev,Rev,Both,Tabled
Urr1.3V_rep1_R1_filt.fastq.gz,32453,Tabled.rev,Rev,Both,Tabled
Urr1.2V_rep2_R1_filt.fastq.gz,22307,Tabled.rev,Rev,Both,Tabled
Urr1.1P_rep2_R1_filt.fastq.gz,9801,Tabled.rev,Rev,Both,Tabled
Ri2.1P_rep2_R1_filt.fastq.gz,11689,Tabled.rev,Rev,Both,Tabled
Ri2.3P_rep3_R1_filt.fastq.gz,7266,Tabled.rev,Rev,Both,Tabled
Ri2.2V_rep2_R1_filt.fastq.gz,24457,Tabled.rev,Rev,Both,Tabled
Urr1.1V_rep2_R1_filt.fastq.gz,19598,Tabled.rev,Rev,Both,Tabled
Ri2.4P_rep2_R1_filt.fastq.gz,39395,Tabled.rev,Rev,Both,Tabled
Ri2.3V_rep2_R1_filt.fastq.gz,31627,Tabled.rev,Rev,Both,Tabled
Ri2.1V_rep3_R1_filt.fastq.gz,35888,Tabled.rev,Rev,Both,Tabled
Urr1.4V_rep1_R1_filt.fastq.gz,20794,Tabled.rev,Rev,Both,Tabled
Urr1.4P_rep2_R1_filt.fastq.gz,10775,Tabled.rev,Rev,Both,Tabled
Urr1.3V_rep2_R1_filt.fastq.gz,24101,Tabled.rev,Rev,Both,Tabled
Urr1.3P_rep3_R1_filt.fastq.gz,19256,Tabled.rev,Rev,Both,Tabled
Urr2.4P_rep1_R1_filt.fastq.gz,14970,Tabled.rev,Rev,Both,Tabled
Urr2.1V_rep1_R1_filt.fastq.gz,42605,Tabled.rev,Rev,Both,Tabled
Urr2.2P_rep2_R1_filt.fastq.gz,15435,Tabled.rev,Rev,Both,Tabled
Urr2.2P_rep1_R1_filt.fastq.gz,20341,Tabled.rev,Rev,Both,Tabled
Urr2.4V_rep2_R1_filt.fastq.gz,98664,Tabled.rev,Rev,Both,Tabled
Urr2.4P_rep3_R1_filt.fastq.gz,24274,Tabled.rev,Rev,Both,Tabled
Urr2.4V_rep3_R1_filt.fastq.gz,33625,Tabled.rev,Rev,Both,Tabled
Urr1.4V_rep3_R1_filt.fastq.gz,29687,Tabled.rev,Rev,Both,Tabled
Urr2.4V_rep1_R1_filt.fastq.gz,17950,Tabled.rev,Rev,Both,Tabled
Urr2.4P_rep2_R1_filt.fastq.gz,30529,Tabled.rev,Rev,Both,Tabled
Urr2.3V_rep2_R1_filt.fastq.gz,25679,Tabled.rev,Rev,Both,Tabled
Urr2.2P_rep3_R1_filt.fastq.gz,25570,Tabled.rev,Rev,Both,Tabled
Urr2.1V_rep3_R1_filt.fastq.gz,18701,Tabled.rev,Rev,Both,Tabled
Urr1.1P_rep3_R1_filt.fastq.gz,23004,Tabled.rev,Rev,Both,Tabled
Urr1.3V_rep3_R1_filt.fastq.gz,34848,Tabled.rev,Rev,Both,Tabled
Urr2.3P_rep1_R1_filt.fastq.gz,23702,Tabled.rev,Rev,Both,Tabled
Urr2.2V_rep1_R1_filt.fastq.gz,38050,Tabled.rev,Rev,Both,Tabled
Urr2.2V_rep2_R1_filt.fastq.gz,36311,Tabled.rev,Rev,Both,Tabled
Urr2.1P_rep3_R1_filt.fastq.gz,15290,Tabled.rev,Rev,Both,Tabled
Urr1.2P_rep3_R1_filt.fastq.gz,27944,Tabled.rev,Rev,Both,Tabled
Urr2.1P_rep1_R1_filt.fastq.gz,24264,Tabled.rev,Rev,Both,Tabled
Urr2.3V_rep3_R1_filt.fastq.gz,45805,Tabled.rev,Rev,Both,Tabled
Urr1.4P_rep3_R1_filt.fastq.gz,19728,Tabled.rev,Rev,Both,Tabled
Urr2.3V_rep1_R1_filt.fastq.gz,22400,Tabled.rev,Rev,Both,Tabled
Urr2.3P_rep3_R1_filt.fastq.gz,17068,Tabled.rev,Rev,Both,Tabled
Urr2.1P_rep2_R1_filt.fastq.gz,38182,Tabled.rev,Rev,Both,Tabled
Urr2.3P_rep2_R1_filt.fastq.gz,11588,Tabled.rev,Rev,Both,Tabled
Urr1.1V_rep3_R1_filt.fastq.gz,37748,Tabled.rev,Rev,Both,Tabled
Urr1.2V_rep3_R1_filt.fastq.gz,50112,Tabled.rev,Rev,Both,Tabled
Urr2.1V_rep2_R1_filt.fastq.gz,20836,Tabled.rev,Rev,Both,Tabled
Urr2.2V_rep3_R1_filt.fastq.gz,13097,Tabled.rev,Rev,Both,Tabled
Ri1.1P_rep1_F1_filt.fastq.gz,21963,Tabled.fwd,Fwd,Both,Tabled
Ri1.2P_rep1_F1_filt.fastq.gz,25961,Tabled.fwd,Fwd,Both,Tabled
Ri1.3V_rep1_F1_filt.fastq.gz,29223,Tabled.fwd,Fwd,Both,Tabled
Ri1.4V_rep1_F1_filt.fastq.gz,28236,Tabled.fwd,Fwd,Both,Tabled
Ri1.4P_rep2_F1_filt.fastq.gz,36214,Tabled.fwd,Fwd,Both,Tabled
Ri1.1P_rep3_F1_filt.fastq.gz,23486,Tabled.fwd,Fwd,Both,Tabled
Ri1.2V_rep3_F1_filt.fastq.gz,22141,Tabled.fwd,Fwd,Both,Tabled
Ri1.3V_rep3_F1_filt.fastq.gz,102191,Tabled.fwd,Fwd,Both,Tabled
Ri2.1V_rep1_F1_filt.fastq.gz,26591,Tabled.fwd,Fwd,Both,Tabled
Ri2.2V_rep1_F1_filt.fastq.gz,33997,Tabled.fwd,Fwd,Both,Tabled
Pos_ctrl_rep2_F1_filt.fastq.gz,21200,Tabled.fwd,Fwd,Both,Tabled
Ri1.1V_rep1_F1_filt.fastq.gz,23061,Tabled.fwd,Fwd,Both,Tabled
Ri1.3P_rep1_F1_filt.fastq.gz,22808,Tabled.fwd,Fwd,Both,Tabled
Ri1.4V_rep3_F1_filt.fastq.gz,39359,Tabled.fwd,Fwd,Both,Tabled
Ri2.4P_rep1_F1_filt.fastq.gz,19888,Tabled.fwd,Fwd,Both,Tabled
Pos_ctrl_rep3_F1_filt.fastq.gz,29919,Tabled.fwd,Fwd,Both,Tabled
Ri1.2V_rep1_F1_filt.fastq.gz,26490,Tabled.fwd,Fwd,Both,Tabled
Ri1.1V_rep2_F1_filt.fastq.gz,25296,Tabled.fwd,Fwd,Both,Tabled
Ri2.3P_rep1_F1_filt.fastq.gz,19582,Tabled.fwd,Fwd,Both,Tabled
Ri2.3V_rep1_F1_filt.fastq.gz,26255,Tabled.fwd,Fwd,Both,Tabled
Ri1.4P_rep1_F1_filt.fastq.gz,17742,Tabled.fwd,Fwd,Both,Tabled
Ri1.4V_rep2_F1_filt.fastq.gz,33812,Tabled.fwd,Fwd,Both,Tabled
Ri2.2P_rep1_F1_filt.fastq.gz,62539,Tabled.fwd,Fwd,Both,Tabled
Ri1.3P_rep2_F1_filt.fastq.gz,15287,Tabled.fwd,Fwd,Both,Tabled
Ri1.2V_rep2_F1_filt.fastq.gz,23098,Tabled.fwd,Fwd,Both,Tabled
Ri1.4P_rep3_F1_filt.fastq.gz,18394,Tabled.fwd,Fwd,Both,Tabled
Pos_ctrl_rep1_F1_filt.fastq.gz,16107,Tabled.fwd,Fwd,Both,Tabled
Ri1.3V_rep2_F1_filt.fastq.gz,14870,Tabled.fwd,Fwd,Both,Tabled
Ri1.2P_rep3_F1_filt.fastq.gz,34772,Tabled.fwd,Fwd,Both,Tabled
Ri2.1P_rep1_F1_filt.fastq.gz,18374,Tabled.fwd,Fwd,Both,Tabled
Ri1.2P_rep2_F1_filt.fastq.gz,32717,Tabled.fwd,Fwd,Both,Tabled
Ri1.1V_rep3_F1_filt.fastq.gz,27796,Tabled.fwd,Fwd,Both,Tabled
Ri1.1P_rep2_F1_filt.fastq.gz,28723,Tabled.fwd,Fwd,Both,Tabled
Ri1.3P_rep3_F1_filt.fastq.gz,15154,Tabled.fwd,Fwd,Both,Tabled
Ri2.4V_rep1_F1_filt.fastq.gz,85774,Tabled.fwd,Fwd,Both,Tabled
Ri2.1P_rep3_F1_filt.fastq.gz,25130,Tabled.fwd,Fwd,Both,Tabled
Ri2.4P_rep3_F1_filt.fastq.gz,24347,Tabled.fwd,Fwd,Both,Tabled
Urr1.3P_rep1_F1_filt.fastq.gz,18980,Tabled.fwd,Fwd,Both,Tabled
Urr1.4V_rep2_F1_filt.fastq.gz,34280,Tabled.fwd,Fwd,Both,Tabled
Ri2.3P_rep2_F1_filt.fastq.gz,22879,Tabled.fwd,Fwd,Both,Tabled
Ri2.2P_rep3_F1_filt.fastq.gz,42920,Tabled.fwd,Fwd,Both,Tabled
Urr1.2P_rep2_F1_filt.fastq.gz,23024,Tabled.fwd,Fwd,Both,Tabled
Urr1.2V_rep1_F1_filt.fastq.gz,39025,Tabled.fwd,Fwd,Both,Tabled
Ri2.2P_rep2_F1_filt.fastq.gz,28964,Tabled.fwd,Fwd,Both,Tabled
Ri2.1V_rep2_F1_filt.fastq.gz,50111,Tabled.fwd,Fwd,Both,Tabled
Ri2.4V_rep2_F1_filt.fastq.gz,37888,Tabled.fwd,Fwd,Both,Tabled
Ri2.2V_rep3_F1_filt.fastq.gz,36241,Tabled.fwd,Fwd,Both,Tabled
Urr1.2P_rep1_F1_filt.fastq.gz,20580,Tabled.fwd,Fwd,Both,Tabled
Urr1.4P_rep1_F1_filt.fastq.gz,13217,Tabled.fwd,Fwd,Both,Tabled
Urr1.3P_rep2_F1_filt.fastq.gz,34565,Tabled.fwd,Fwd,Both,Tabled
Ri2.4V_rep3_F1_filt.fastq.gz,38645,Tabled.fwd,Fwd,Both,Tabled
Urr1.1P_rep1_F1_filt.fastq.gz,12326,Tabled.fwd,Fwd,Both,Tabled
Urr1.1V_rep1_F1_filt.fastq.gz,19520,Tabled.fwd,Fwd,Both,Tabled
Ri2.3V_rep3_F1_filt.fastq.gz,31936,Tabled.fwd,Fwd,Both,Tabled
Urr1.3V_rep1_F1_filt.fastq.gz,49872,Tabled.fwd,Fwd,Both,Tabled
Urr1.2V_rep2_F1_filt.fastq.gz,40081,Tabled.fwd,Fwd,Both,Tabled
Urr1.1P_rep2_F1_filt.fastq.gz,19914,Tabled.fwd,Fwd,Both,Tabled
Ri2.1P_rep2_F1_filt.fastq.gz,23817,Tabled.fwd,Fwd,Both,Tabled
Ri2.3P_rep3_F1_filt.fastq.gz,12699,Tabled.fwd,Fwd,Both,Tabled
Ri2.2V_rep2_F1_filt.fastq.gz,38176,Tabled.fwd,Fwd,Both,Tabled
Urr1.1V_rep2_F1_filt.fastq.gz,29293,Tabled.fwd,Fwd,Both,Tabled
Ri2.4P_rep2_F1_filt.fastq.gz,63862,Tabled.fwd,Fwd,Both,Tabled
Ri2.3V_rep2_F1_filt.fastq.gz,44676,Tabled.fwd,Fwd,Both,Tabled
Ri2.1V_rep3_F1_filt.fastq.gz,52737,Tabled.fwd,Fwd,Both,Tabled
Urr1.4V_rep1_F1_filt.fastq.gz,36044,Tabled.fwd,Fwd,Both,Tabled
Urr1.4P_rep2_F1_filt.fastq.gz,20593,Tabled.fwd,Fwd,Both,Tabled
Urr1.3V_rep2_F1_filt.fastq.gz,44653,Tabled.fwd,Fwd,Both,Tabled
Urr1.3P_rep3_F1_filt.fastq.gz,26451,Tabled.fwd,Fwd,Both,Tabled
Urr2.4P_rep1_F1_filt.fastq.gz,29857,Tabled.fwd,Fwd,Both,Tabled
Urr2.1V_rep1_F1_filt.fastq.gz,57575,Tabled.fwd,Fwd,Both,Tabled
Urr2.2P_rep2_F1_filt.fastq.gz,22216,Tabled.fwd,Fwd,Both,Tabled
Urr2.2P_rep1_F1_filt.fastq.gz,27979,Tabled.fwd,Fwd,Both,Tabled
Urr2.4V_rep2_F1_filt.fastq.gz,142101,Tabled.fwd,Fwd,Both,Tabled
Urr2.4P_rep3_F1_filt.fastq.gz,38292,Tabled.fwd,Fwd,Both,Tabled
Urr2.4V_rep3_F1_filt.fastq.gz,48078,Tabled.fwd,Fwd,Both,Tabled
Urr1.4V_rep3_F1_filt.fastq.gz,41115,Tabled.fwd,Fwd,Both,Tabled
Urr2.4V_rep1_F1_filt.fastq.gz,31997,Tabled.fwd,Fwd,Both,Tabled
Urr2.4P_rep2_F1_filt.fastq.gz,45729,Tabled.fwd,Fwd,Both,Tabled
Urr2.3V_rep2_F1_filt.fastq.gz,36653,Tabled.fwd,Fwd,Both,Tabled
Urr2.2P_rep3_F1_filt.fastq.gz,36059,Tabled.fwd,Fwd,Both,Tabled
Urr2.1V_rep3_F1_filt.fastq.gz,32996,Tabled.fwd,Fwd,Both,Tabled
Urr1.1P_rep3_F1_filt.fastq.gz,32123,Tabled.fwd,Fwd,Both,Tabled
Urr1.3V_rep3_F1_filt.fastq.gz,55546,Tabled.fwd,Fwd,Both,Tabled
Urr2.3P_rep1_F1_filt.fastq.gz,30254,Tabled.fwd,Fwd,Both,Tabled
Urr2.2V_rep1_F1_filt.fastq.gz,46259,Tabled.fwd,Fwd,Both,Tabled
Urr2.2V_rep2_F1_filt.fastq.gz,50087,Tabled.fwd,Fwd,Both,Tabled
Urr2.1P_rep3_F1_filt.fastq.gz,22182,Tabled.fwd,Fwd,Both,Tabled
Urr1.2P_rep3_F1_filt.fastq.gz,43609,Tabled.fwd,Fwd,Both,Tabled
Urr2.1P_rep1_F1_filt.fastq.gz,38992,Tabled.fwd,Fwd,Both,Tabled
Urr2.3V_rep3_F1_filt.fastq.gz,58799,Tabled.fwd,Fwd,Both,Tabled
Urr1.4P_rep3_F1_filt.fastq.gz,26009,Tabled.fwd,Fwd,Both,Tabled
Urr2.3V_rep1_F1_filt.fastq.gz,27103,Tabled.fwd,Fwd,Both,Tabled
Urr2.3P_rep3_F1_filt.fastq.gz,29286,Tabled.fwd,Fwd,Both,Tabled
Urr2.1P_rep2_F1_filt.fastq.gz,47748,Tabled.fwd,Fwd,Both,Tabled
Urr2.3P_rep2_F1_filt.fastq.gz,15276,Tabled.fwd,Fwd,Both,Tabled
Urr1.1V_rep3_F1_filt.fastq.gz,58273,Tabled.fwd,Fwd,Both,Tabled
Urr1.2V_rep3_F1_filt.fastq.gz,70332,Tabled.fwd,Fwd,Both,Tabled
Urr2.1V_rep2_F1_filt.fastq.gz,34217,Tabled.fwd,Fwd,Both,Tabled
Urr2.2V_rep3_F1_filt.fastq.gz,21686,Tabled.fwd,Fwd,Both,Tabled
Ri1.1P_rep1_R1_filt.fastq.gz,15967,reads.in.rev,Rev,Both,Reads.in
Ri1.1P_rep1_R1_filt.fastq.gz,15278,filtered.rev,Rev,Both,Filtered
Ri1.2P_rep1_R1_filt.fastq.gz,23488,reads.in.rev,Rev,Both,Reads.in
Ri1.2P_rep1_R1_filt.fastq.gz,22235,filtered.rev,Rev,Both,Filtered
Ri1.3V_rep1_R1_filt.fastq.gz,23475,reads.in.rev,Rev,Both,Reads.in
Ri1.3V_rep1_R1_filt.fastq.gz,21574,filtered.rev,Rev,Both,Filtered
Ri1.4V_rep1_R1_filt.fastq.gz,25812,reads.in.rev,Rev,Both,Reads.in
Ri1.4V_rep1_R1_filt.fastq.gz,24203,filtered.rev,Rev,Both,Filtered
Ri1.4P_rep2_R1_filt.fastq.gz,30537,reads.in.rev,Rev,Both,Reads.in
Ri1.4P_rep2_R1_filt.fastq.gz,27539,filtered.rev,Rev,Both,Filtered
Ri1.1P_rep3_R1_filt.fastq.gz,20062,reads.in.rev,Rev,Both,Reads.in
Ri1.1P_rep3_R1_filt.fastq.gz,19037,filtered.rev,Rev,Both,Filtered
Ri1.2V_rep3_R1_filt.fastq.gz,17258,reads.in.rev,Rev,Both,Reads.in
Ri1.2V_rep3_R1_filt.fastq.gz,16244,filtered.rev,Rev,Both,Filtered
Ri1.3V_rep3_R1_filt.fastq.gz,98536,reads.in.rev,Rev,Both,Reads.in
Ri1.3V_rep3_R1_filt.fastq.gz,86244,filtered.rev,Rev,Both,Filtered
Ri2.1V_rep1_R1_filt.fastq.gz,17223,reads.in.rev,Rev,Both,Reads.in
Ri2.1V_rep1_R1_filt.fastq.gz,16345,filtered.rev,Rev,Both,Filtered
Ri2.2V_rep1_R1_filt.fastq.gz,23979,reads.in.rev,Rev,Both,Reads.in
Ri2.2V_rep1_R1_filt.fastq.gz,23191,filtered.rev,Rev,Both,Filtered
Pos_ctrl_rep2_R1_filt.fastq.gz,14676,reads.in.rev,Rev,Both,Reads.in
Pos_ctrl_rep2_R1_filt.fastq.gz,14027,filtered.rev,Rev,Both,Filtered
Ri1.1V_rep1_R1_filt.fastq.gz,14714,reads.in.rev,Rev,Both,Reads.in
Ri1.1V_rep1_R1_filt.fastq.gz,14136,filtered.rev,Rev,Both,Filtered
Ri1.3P_rep1_R1_filt.fastq.gz,21215,reads.in.rev,Rev,Both,Reads.in
Ri1.3P_rep1_R1_filt.fastq.gz,20194,filtered.rev,Rev,Both,Filtered
Ri1.4V_rep3_R1_filt.fastq.gz,33462,reads.in.rev,Rev,Both,Reads.in
Ri1.4V_rep3_R1_filt.fastq.gz,31877,filtered.rev,Rev,Both,Filtered
Ri2.4P_rep1_R1_filt.fastq.gz,15159,reads.in.rev,Rev,Both,Reads.in
Ri2.4P_rep1_R1_filt.fastq.gz,14150,filtered.rev,Rev,Both,Filtered
Pos_ctrl_rep3_R1_filt.fastq.gz,17811,reads.in.rev,Rev,Both,Reads.in
Pos_ctrl_rep3_R1_filt.fastq.gz,17019,filtered.rev,Rev,Both,Filtered
Ri1.2V_rep1_R1_filt.fastq.gz,21217,reads.in.rev,Rev,Both,Reads.in
Ri1.2V_rep1_R1_filt.fastq.gz,20449,filtered.rev,Rev,Both,Filtered
Ri1.1V_rep2_R1_filt.fastq.gz,22824,reads.in.rev,Rev,Both,Reads.in
Ri1.1V_rep2_R1_filt.fastq.gz,21670,filtered.rev,Rev,Both,Filtered
Ri2.3P_rep1_R1_filt.fastq.gz,19281,reads.in.rev,Rev,Both,Reads.in
Ri2.3P_rep1_R1_filt.fastq.gz,17842,filtered.rev,Rev,Both,Filtered
Ri2.3V_rep1_R1_filt.fastq.gz,28609,reads.in.rev,Rev,Both,Reads.in
Ri2.3V_rep1_R1_filt.fastq.gz,24409,filtered.rev,Rev,Both,Filtered
Ri1.4P_rep1_R1_filt.fastq.gz,24619,reads.in.rev,Rev,Both,Reads.in
Ri1.4P_rep1_R1_filt.fastq.gz,22957,filtered.rev,Rev,Both,Filtered
Ri1.4V_rep2_R1_filt.fastq.gz,25874,reads.in.rev,Rev,Both,Reads.in
Ri1.4V_rep2_R1_filt.fastq.gz,24437,filtered.rev,Rev,Both,Filtered
Ri2.2P_rep1_R1_filt.fastq.gz,43544,reads.in.rev,Rev,Both,Reads.in
Ri2.2P_rep1_R1_filt.fastq.gz,41591,filtered.rev,Rev,Both,Filtered
Ri1.3P_rep2_R1_filt.fastq.gz,15686,reads.in.rev,Rev,Both,Reads.in
Ri1.3P_rep2_R1_filt.fastq.gz,14224,filtered.rev,Rev,Both,Filtered
Ri1.2V_rep2_R1_filt.fastq.gz,17702,reads.in.rev,Rev,Both,Reads.in
Ri1.2V_rep2_R1_filt.fastq.gz,16195,filtered.rev,Rev,Both,Filtered
Ri1.4P_rep3_R1_filt.fastq.gz,17362,reads.in.rev,Rev,Both,Reads.in
Ri1.4P_rep3_R1_filt.fastq.gz,16233,filtered.rev,Rev,Both,Filtered
Pos_ctrl_rep1_R1_filt.fastq.gz,10159,reads.in.rev,Rev,Both,Reads.in
Pos_ctrl_rep1_R1_filt.fastq.gz,9715,filtered.rev,Rev,Both,Filtered
Ri1.3V_rep2_R1_filt.fastq.gz,20935,reads.in.rev,Rev,Both,Reads.in
Ri1.3V_rep2_R1_filt.fastq.gz,19523,filtered.rev,Rev,Both,Filtered
Ri1.2P_rep3_R1_filt.fastq.gz,29239,reads.in.rev,Rev,Both,Reads.in
Ri1.2P_rep3_R1_filt.fastq.gz,26956,filtered.rev,Rev,Both,Filtered
Ri2.1P_rep1_R1_filt.fastq.gz,10211,reads.in.rev,Rev,Both,Reads.in
Ri2.1P_rep1_R1_filt.fastq.gz,9893,filtered.rev,Rev,Both,Filtered
Ri1.2P_rep2_R1_filt.fastq.gz,27243,reads.in.rev,Rev,Both,Reads.in
Ri1.2P_rep2_R1_filt.fastq.gz,23292,filtered.rev,Rev,Both,Filtered
Ri1.1V_rep3_R1_filt.fastq.gz,21968,reads.in.rev,Rev,Both,Reads.in
Ri1.1V_rep3_R1_filt.fastq.gz,20590,filtered.rev,Rev,Both,Filtered
Ri1.1P_rep2_R1_filt.fastq.gz,23169,reads.in.rev,Rev,Both,Reads.in
Ri1.1P_rep2_R1_filt.fastq.gz,22201,filtered.rev,Rev,Both,Filtered
Ri1.3P_rep3_R1_filt.fastq.gz,18090,reads.in.rev,Rev,Both,Reads.in
Ri1.3P_rep3_R1_filt.fastq.gz,13898,filtered.rev,Rev,Both,Filtered
Ri2.4V_rep1_R1_filt.fastq.gz,81226,reads.in.rev,Rev,Both,Reads.in
Ri2.4V_rep1_R1_filt.fastq.gz,77899,filtered.rev,Rev,Both,Filtered
Ri2.1P_rep3_R1_filt.fastq.gz,17207,reads.in.rev,Rev,Both,Reads.in
Ri2.1P_rep3_R1_filt.fastq.gz,16721,filtered.rev,Rev,Both,Filtered
Ri2.4P_rep3_R1_filt.fastq.gz,20969,reads.in.rev,Rev,Both,Reads.in
Ri2.4P_rep3_R1_filt.fastq.gz,19946,filtered.rev,Rev,Both,Filtered
Urr1.3P_rep1_R1_filt.fastq.gz,12645,reads.in.rev,Rev,Both,Reads.in
Urr1.3P_rep1_R1_filt.fastq.gz,11892,filtered.rev,Rev,Both,Filtered
Urr1.4V_rep2_R1_filt.fastq.gz,20626,reads.in.rev,Rev,Both,Reads.in
Urr1.4V_rep2_R1_filt.fastq.gz,19533,filtered.rev,Rev,Both,Filtered
Ri2.3P_rep2_R1_filt.fastq.gz,20070,reads.in.rev,Rev,Both,Reads.in
Ri2.3P_rep2_R1_filt.fastq.gz,17829,filtered.rev,Rev,Both,Filtered
Ri2.2P_rep3_R1_filt.fastq.gz,33367,reads.in.rev,Rev,Both,Reads.in
Ri2.2P_rep3_R1_filt.fastq.gz,31193,filtered.rev,Rev,Both,Filtered
Urr1.2P_rep2_R1_filt.fastq.gz,19901,reads.in.rev,Rev,Both,Reads.in
Urr1.2P_rep2_R1_filt.fastq.gz,18210,filtered.rev,Rev,Both,Filtered
Urr1.2V_rep1_R1_filt.fastq.gz,31557,reads.in.rev,Rev,Both,Reads.in
Urr1.2V_rep1_R1_filt.fastq.gz,29636,filtered.rev,Rev,Both,Filtered
Ri2.2P_rep2_R1_filt.fastq.gz,18851,reads.in.rev,Rev,Both,Reads.in
Ri2.2P_rep2_R1_filt.fastq.gz,17504,filtered.rev,Rev,Both,Filtered
Ri2.1V_rep2_R1_filt.fastq.gz,39921,reads.in.rev,Rev,Both,Reads.in
Ri2.1V_rep2_R1_filt.fastq.gz,37281,filtered.rev,Rev,Both,Filtered
Ri2.4V_rep2_R1_filt.fastq.gz,30558,reads.in.rev,Rev,Both,Reads.in
Ri2.4V_rep2_R1_filt.fastq.gz,29571,filtered.rev,Rev,Both,Filtered
Ri2.2V_rep3_R1_filt.fastq.gz,30481,reads.in.rev,Rev,Both,Reads.in
Ri2.2V_rep3_R1_filt.fastq.gz,28873,filtered.rev,Rev,Both,Filtered
Urr1.2P_rep1_R1_filt.fastq.gz,10444,reads.in.rev,Rev,Both,Reads.in
Urr1.2P_rep1_R1_filt.fastq.gz,9408,filtered.rev,Rev,Both,Filtered
Urr1.4P_rep1_R1_filt.fastq.gz,11558,reads.in.rev,Rev,Both,Reads.in
Urr1.4P_rep1_R1_filt.fastq.gz,8685,filtered.rev,Rev,Both,Filtered
Urr1.3P_rep2_R1_filt.fastq.gz,19930,reads.in.rev,Rev,Both,Reads.in
Urr1.3P_rep2_R1_filt.fastq.gz,18651,filtered.rev,Rev,Both,Filtered
Ri2.4V_rep3_R1_filt.fastq.gz,31442,reads.in.rev,Rev,Both,Reads.in
Ri2.4V_rep3_R1_filt.fastq.gz,29783,filtered.rev,Rev,Both,Filtered
Urr1.1P_rep1_R1_filt.fastq.gz,9576,reads.in.rev,Rev,Both,Reads.in
Urr1.1P_rep1_R1_filt.fastq.gz,8620,filtered.rev,Rev,Both,Filtered
Urr1.1V_rep1_R1_filt.fastq.gz,13844,reads.in.rev,Rev,Both,Reads.in
Urr1.1V_rep1_R1_filt.fastq.gz,11474,filtered.rev,Rev,Both,Filtered
Ri2.3V_rep3_R1_filt.fastq.gz,24785,reads.in.rev,Rev,Both,Reads.in
Ri2.3V_rep3_R1_filt.fastq.gz,23303,filtered.rev,Rev,Both,Filtered
Urr1.3V_rep1_R1_filt.fastq.gz,40215,reads.in.rev,Rev,Both,Reads.in
Urr1.3V_rep1_R1_filt.fastq.gz,35615,filtered.rev,Rev,Both,Filtered
Urr1.2V_rep2_R1_filt.fastq.gz,25138,reads.in.rev,Rev,Both,Reads.in
Urr1.2V_rep2_R1_filt.fastq.gz,23412,filtered.rev,Rev,Both,Filtered
Urr1.1P_rep2_R1_filt.fastq.gz,11063,reads.in.rev,Rev,Both,Reads.in
Urr1.1P_rep2_R1_filt.fastq.gz,10274,filtered.rev,Rev,Both,Filtered
Ri2.1P_rep2_R1_filt.fastq.gz,12229,reads.in.rev,Rev,Both,Reads.in
Ri2.1P_rep2_R1_filt.fastq.gz,11962,filtered.rev,Rev,Both,Filtered
Ri2.3P_rep3_R1_filt.fastq.gz,8496,reads.in.rev,Rev,Both,Reads.in
Ri2.3P_rep3_R1_filt.fastq.gz,8078,filtered.rev,Rev,Both,Filtered
Ri2.2V_rep2_R1_filt.fastq.gz,27018,reads.in.rev,Rev,Both,Reads.in
Ri2.2V_rep2_R1_filt.fastq.gz,26092,filtered.rev,Rev,Both,Filtered
Urr1.1V_rep2_R1_filt.fastq.gz,22102,reads.in.rev,Rev,Both,Reads.in
Urr1.1V_rep2_R1_filt.fastq.gz,20198,filtered.rev,Rev,Both,Filtered
Ri2.4P_rep2_R1_filt.fastq.gz,43500,reads.in.rev,Rev,Both,Reads.in
Ri2.4P_rep2_R1_filt.fastq.gz,41462,filtered.rev,Rev,Both,Filtered
Ri2.3V_rep2_R1_filt.fastq.gz,37769,reads.in.rev,Rev,Both,Reads.in
Ri2.3V_rep2_R1_filt.fastq.gz,34999,filtered.rev,Rev,Both,Filtered
Ri2.1V_rep3_R1_filt.fastq.gz,40300,reads.in.rev,Rev,Both,Reads.in
Ri2.1V_rep3_R1_filt.fastq.gz,38118,filtered.rev,Rev,Both,Filtered
Urr1.4V_rep1_R1_filt.fastq.gz,23093,reads.in.rev,Rev,Both,Reads.in
Urr1.4V_rep1_R1_filt.fastq.gz,21536,filtered.rev,Rev,Both,Filtered
Urr1.4P_rep2_R1_filt.fastq.gz,13748,reads.in.rev,Rev,Both,Reads.in
Urr1.4P_rep2_R1_filt.fastq.gz,11428,filtered.rev,Rev,Both,Filtered
Urr1.3V_rep2_R1_filt.fastq.gz,28854,reads.in.rev,Rev,Both,Reads.in
Urr1.3V_rep2_R1_filt.fastq.gz,25505,filtered.rev,Rev,Both,Filtered
Urr1.3P_rep3_R1_filt.fastq.gz,21590,reads.in.rev,Rev,Both,Reads.in
Urr1.3P_rep3_R1_filt.fastq.gz,19959,filtered.rev,Rev,Both,Filtered
Urr2.4P_rep1_R1_filt.fastq.gz,18313,reads.in.rev,Rev,Both,Reads.in
Urr2.4P_rep1_R1_filt.fastq.gz,15660,filtered.rev,Rev,Both,Filtered
Urr2.1V_rep1_R1_filt.fastq.gz,45230,reads.in.rev,Rev,Both,Reads.in
Urr2.1V_rep1_R1_filt.fastq.gz,43614,filtered.rev,Rev,Both,Filtered
Urr2.2P_rep2_R1_filt.fastq.gz,17421,reads.in.rev,Rev,Both,Reads.in
Urr2.2P_rep2_R1_filt.fastq.gz,15811,filtered.rev,Rev,Both,Filtered
Urr2.2P_rep1_R1_filt.fastq.gz,23041,reads.in.rev,Rev,Both,Reads.in
Urr2.2P_rep1_R1_filt.fastq.gz,20839,filtered.rev,Rev,Both,Filtered
Urr2.4V_rep2_R1_filt.fastq.gz,108996,reads.in.rev,Rev,Both,Reads.in
Urr2.4V_rep2_R1_filt.fastq.gz,103988,filtered.rev,Rev,Both,Filtered
Urr2.4P_rep3_R1_filt.fastq.gz,26230,reads.in.rev,Rev,Both,Reads.in
Urr2.4P_rep3_R1_filt.fastq.gz,24818,filtered.rev,Rev,Both,Filtered
Urr2.4V_rep3_R1_filt.fastq.gz,37201,reads.in.rev,Rev,Both,Reads.in
Urr2.4V_rep3_R1_filt.fastq.gz,34529,filtered.rev,Rev,Both,Filtered
Urr1.4V_rep3_R1_filt.fastq.gz,31909,reads.in.rev,Rev,Both,Reads.in
Urr1.4V_rep3_R1_filt.fastq.gz,30448,filtered.rev,Rev,Both,Filtered
Urr2.4V_rep1_R1_filt.fastq.gz,19217,reads.in.rev,Rev,Both,Reads.in
Urr2.4V_rep1_R1_filt.fastq.gz,18446,filtered.rev,Rev,Both,Filtered
Urr2.4P_rep2_R1_filt.fastq.gz,37879,reads.in.rev,Rev,Both,Reads.in
Urr2.4P_rep2_R1_filt.fastq.gz,31897,filtered.rev,Rev,Both,Filtered
Urr2.3V_rep2_R1_filt.fastq.gz,30769,reads.in.rev,Rev,Both,Reads.in
Urr2.3V_rep2_R1_filt.fastq.gz,26635,filtered.rev,Rev,Both,Filtered
Urr2.2P_rep3_R1_filt.fastq.gz,27676,reads.in.rev,Rev,Both,Reads.in
Urr2.2P_rep3_R1_filt.fastq.gz,26011,filtered.rev,Rev,Both,Filtered
Urr2.1V_rep3_R1_filt.fastq.gz,19752,reads.in.rev,Rev,Both,Reads.in
Urr2.1V_rep3_R1_filt.fastq.gz,19162,filtered.rev,Rev,Both,Filtered
Urr1.1P_rep3_R1_filt.fastq.gz,29698,reads.in.rev,Rev,Both,Reads.in
Urr1.1P_rep3_R1_filt.fastq.gz,25007,filtered.rev,Rev,Both,Filtered
Urr1.3V_rep3_R1_filt.fastq.gz,39663,reads.in.rev,Rev,Both,Reads.in
Urr1.3V_rep3_R1_filt.fastq.gz,36442,filtered.rev,Rev,Both,Filtered
Urr2.3P_rep1_R1_filt.fastq.gz,25551,reads.in.rev,Rev,Both,Reads.in
Urr2.3P_rep1_R1_filt.fastq.gz,24388,filtered.rev,Rev,Both,Filtered
Urr2.2V_rep1_R1_filt.fastq.gz,40392,reads.in.rev,Rev,Both,Reads.in
Urr2.2V_rep1_R1_filt.fastq.gz,39080,filtered.rev,Rev,Both,Filtered
Urr2.2V_rep2_R1_filt.fastq.gz,38219,reads.in.rev,Rev,Both,Reads.in
Urr2.2V_rep2_R1_filt.fastq.gz,37077,filtered.rev,Rev,Both,Filtered
Urr2.1P_rep3_R1_filt.fastq.gz,16359,reads.in.rev,Rev,Both,Reads.in
Urr2.1P_rep3_R1_filt.fastq.gz,15573,filtered.rev,Rev,Both,Filtered
Urr1.2P_rep3_R1_filt.fastq.gz,30428,reads.in.rev,Rev,Both,Reads.in
Urr1.2P_rep3_R1_filt.fastq.gz,28730,filtered.rev,Rev,Both,Filtered
Urr2.1P_rep1_R1_filt.fastq.gz,26542,reads.in.rev,Rev,Both,Reads.in
Urr2.1P_rep1_R1_filt.fastq.gz,25006,filtered.rev,Rev,Both,Filtered
Urr2.3V_rep3_R1_filt.fastq.gz,47901,reads.in.rev,Rev,Both,Reads.in
Urr2.3V_rep3_R1_filt.fastq.gz,46366,filtered.rev,Rev,Both,Filtered
Urr1.4P_rep3_R1_filt.fastq.gz,32459,reads.in.rev,Rev,Both,Reads.in
Urr1.4P_rep3_R1_filt.fastq.gz,21147,filtered.rev,Rev,Both,Filtered
Urr2.3V_rep1_R1_filt.fastq.gz,24444,reads.in.rev,Rev,Both,Reads.in
Urr2.3V_rep1_R1_filt.fastq.gz,23091,filtered.rev,Rev,Both,Filtered
Urr2.3P_rep3_R1_filt.fastq.gz,18137,reads.in.rev,Rev,Both,Reads.in
Urr2.3P_rep3_R1_filt.fastq.gz,17442,filtered.rev,Rev,Both,Filtered
Urr2.1P_rep2_R1_filt.fastq.gz,40339,reads.in.rev,Rev,Both,Reads.in
Urr2.1P_rep2_R1_filt.fastq.gz,38871,filtered.rev,Rev,Both,Filtered
Urr2.3P_rep2_R1_filt.fastq.gz,12457,reads.in.rev,Rev,Both,Reads.in
Urr2.3P_rep2_R1_filt.fastq.gz,11914,filtered.rev,Rev,Both,Filtered
Urr1.1V_rep3_R1_filt.fastq.gz,41877,reads.in.rev,Rev,Both,Reads.in
Urr1.1V_rep3_R1_filt.fastq.gz,39290,filtered.rev,Rev,Both,Filtered
Urr1.2V_rep3_R1_filt.fastq.gz,53920,reads.in.rev,Rev,Both,Reads.in
Urr1.2V_rep3_R1_filt.fastq.gz,51587,filtered.rev,Rev,Both,Filtered
Urr2.1V_rep2_R1_filt.fastq.gz,22345,reads.in.rev,Rev,Both,Reads.in
Urr2.1V_rep2_R1_filt.fastq.gz,21368,filtered.rev,Rev,Both,Filtered
Urr2.2V_rep3_R1_filt.fastq.gz,13759,reads.in.rev,Rev,Both,Reads.in
Urr2.2V_rep3_R1_filt.fastq.gz,13377,filtered.rev,Rev,Both,Filtered
Ri1.1P_rep1_F1_filt.fastq.gz,24013,reads.in.fwd,Fwd,Both,Reads.in
Ri1.1P_rep1_F1_filt.fastq.gz,23050,filtered.fwd,Fwd,Both,Filtered
Ri1.2P_rep1_F1_filt.fastq.gz,28055,reads.in.fwd,Fwd,Both,Reads.in
Ri1.2P_rep1_F1_filt.fastq.gz,26552,filtered.fwd,Fwd,Both,Filtered
Ri1.3V_rep1_F1_filt.fastq.gz,32758,reads.in.fwd,Fwd,Both,Reads.in
Ri1.3V_rep1_F1_filt.fastq.gz,30413,filtered.fwd,Fwd,Both,Filtered
Ri1.4V_rep1_F1_filt.fastq.gz,33022,reads.in.fwd,Fwd,Both,Reads.in
Ri1.4V_rep1_F1_filt.fastq.gz,31051,filtered.fwd,Fwd,Both,Filtered
Ri1.4P_rep2_F1_filt.fastq.gz,43000,reads.in.fwd,Fwd,Both,Reads.in
Ri1.4P_rep2_F1_filt.fastq.gz,39148,filtered.fwd,Fwd,Both,Filtered
Ri1.1P_rep3_F1_filt.fastq.gz,25750,reads.in.fwd,Fwd,Both,Reads.in
Ri1.1P_rep3_F1_filt.fastq.gz,24530,filtered.fwd,Fwd,Both,Filtered
Ri1.2V_rep3_F1_filt.fastq.gz,24535,reads.in.fwd,Fwd,Both,Reads.in
Ri1.2V_rep3_F1_filt.fastq.gz,23206,filtered.fwd,Fwd,Both,Filtered
Ri1.3V_rep3_F1_filt.fastq.gz,123694,reads.in.fwd,Fwd,Both,Reads.in
Ri1.3V_rep3_F1_filt.fastq.gz,108973,filtered.fwd,Fwd,Both,Filtered
Ri2.1V_rep1_F1_filt.fastq.gz,29524,reads.in.fwd,Fwd,Both,Reads.in
Ri2.1V_rep1_F1_filt.fastq.gz,28147,filtered.fwd,Fwd,Both,Filtered
Ri2.2V_rep1_F1_filt.fastq.gz,37026,reads.in.fwd,Fwd,Both,Reads.in
Ri2.2V_rep1_F1_filt.fastq.gz,35877,filtered.fwd,Fwd,Both,Filtered
Pos_ctrl_rep2_F1_filt.fastq.gz,22963,reads.in.fwd,Fwd,Both,Reads.in
Pos_ctrl_rep2_F1_filt.fastq.gz,21350,filtered.fwd,Fwd,Both,Filtered
Ri1.1V_rep1_F1_filt.fastq.gz,24687,reads.in.fwd,Fwd,Both,Reads.in
Ri1.1V_rep1_F1_filt.fastq.gz,23803,filtered.fwd,Fwd,Both,Filtered
Ri1.3P_rep1_F1_filt.fastq.gz,25280,reads.in.fwd,Fwd,Both,Reads.in
Ri1.3P_rep1_F1_filt.fastq.gz,24153,filtered.fwd,Fwd,Both,Filtered
Ri1.4V_rep3_F1_filt.fastq.gz,44020,reads.in.fwd,Fwd,Both,Reads.in
Ri1.4V_rep3_F1_filt.fastq.gz,41986,filtered.fwd,Fwd,Both,Filtered
Ri2.4P_rep1_F1_filt.fastq.gz,23338,reads.in.fwd,Fwd,Both,Reads.in
Ri2.4P_rep1_F1_filt.fastq.gz,21892,filtered.fwd,Fwd,Both,Filtered
Pos_ctrl_rep3_F1_filt.fastq.gz,32334,reads.in.fwd,Fwd,Both,Reads.in
Pos_ctrl_rep3_F1_filt.fastq.gz,30157,filtered.fwd,Fwd,Both,Filtered
Ri1.2V_rep1_F1_filt.fastq.gz,28478,reads.in.fwd,Fwd,Both,Reads.in
Ri1.2V_rep1_F1_filt.fastq.gz,27528,filtered.fwd,Fwd,Both,Filtered
Ri1.1V_rep2_F1_filt.fastq.gz,27858,reads.in.fwd,Fwd,Both,Reads.in
Ri1.1V_rep2_F1_filt.fastq.gz,26462,filtered.fwd,Fwd,Both,Filtered
Ri2.3P_rep1_F1_filt.fastq.gz,22349,reads.in.fwd,Fwd,Both,Reads.in
Ri2.3P_rep1_F1_filt.fastq.gz,20870,filtered.fwd,Fwd,Both,Filtered
Ri2.3V_rep1_F1_filt.fastq.gz,35540,reads.in.fwd,Fwd,Both,Reads.in
Ri2.3V_rep1_F1_filt.fastq.gz,30539,filtered.fwd,Fwd,Both,Filtered
Ri1.4P_rep1_F1_filt.fastq.gz,20382,reads.in.fwd,Fwd,Both,Reads.in
Ri1.4P_rep1_F1_filt.fastq.gz,18688,filtered.fwd,Fwd,Both,Filtered
Ri1.4V_rep2_F1_filt.fastq.gz,37917,reads.in.fwd,Fwd,Both,Reads.in
Ri1.4V_rep2_F1_filt.fastq.gz,36059,filtered.fwd,Fwd,Both,Filtered
Ri2.2P_rep1_F1_filt.fastq.gz,67071,reads.in.fwd,Fwd,Both,Reads.in
Ri2.2P_rep1_F1_filt.fastq.gz,64377,filtered.fwd,Fwd,Both,Filtered
Ri1.3P_rep2_F1_filt.fastq.gz,18168,reads.in.fwd,Fwd,Both,Reads.in
Ri1.3P_rep2_F1_filt.fastq.gz,16569,filtered.fwd,Fwd,Both,Filtered
Ri1.2V_rep2_F1_filt.fastq.gz,27435,reads.in.fwd,Fwd,Both,Reads.in
Ri1.2V_rep2_F1_filt.fastq.gz,25383,filtered.fwd,Fwd,Both,Filtered
Ri1.4P_rep3_F1_filt.fastq.gz,21643,reads.in.fwd,Fwd,Both,Reads.in
Ri1.4P_rep3_F1_filt.fastq.gz,20172,filtered.fwd,Fwd,Both,Filtered
Pos_ctrl_rep1_F1_filt.fastq.gz,17496,reads.in.fwd,Fwd,Both,Reads.in
Pos_ctrl_rep1_F1_filt.fastq.gz,16253,filtered.fwd,Fwd,Both,Filtered
Ri1.3V_rep2_F1_filt.fastq.gz,17247,reads.in.fwd,Fwd,Both,Reads.in
Ri1.3V_rep2_F1_filt.fastq.gz,15976,filtered.fwd,Fwd,Both,Filtered
Ri1.2P_rep3_F1_filt.fastq.gz,40060,reads.in.fwd,Fwd,Both,Reads.in
Ri1.2P_rep3_F1_filt.fastq.gz,37063,filtered.fwd,Fwd,Both,Filtered
Ri2.1P_rep1_F1_filt.fastq.gz,19271,reads.in.fwd,Fwd,Both,Reads.in
Ri2.1P_rep1_F1_filt.fastq.gz,18705,filtered.fwd,Fwd,Both,Filtered
Ri1.2P_rep2_F1_filt.fastq.gz,39487,reads.in.fwd,Fwd,Both,Reads.in
Ri1.2P_rep2_F1_filt.fastq.gz,34523,filtered.fwd,Fwd,Both,Filtered
Ri1.1V_rep3_F1_filt.fastq.gz,31476,reads.in.fwd,Fwd,Both,Reads.in
Ri1.1V_rep3_F1_filt.fastq.gz,29660,filtered.fwd,Fwd,Both,Filtered
Ri1.1P_rep2_F1_filt.fastq.gz,31815,reads.in.fwd,Fwd,Both,Reads.in
Ri1.1P_rep2_F1_filt.fastq.gz,30573,filtered.fwd,Fwd,Both,Filtered
Ri1.3P_rep3_F1_filt.fastq.gz,23202,reads.in.fwd,Fwd,Both,Reads.in
Ri1.3P_rep3_F1_filt.fastq.gz,18123,filtered.fwd,Fwd,Both,Filtered
Ri2.4V_rep1_F1_filt.fastq.gz,93201,reads.in.fwd,Fwd,Both,Reads.in
Ri2.4V_rep1_F1_filt.fastq.gz,89627,filtered.fwd,Fwd,Both,Filtered
Ri2.1P_rep3_F1_filt.fastq.gz,26335,reads.in.fwd,Fwd,Both,Reads.in
Ri2.1P_rep3_F1_filt.fastq.gz,25659,filtered.fwd,Fwd,Both,Filtered
Ri2.4P_rep3_F1_filt.fastq.gz,27409,reads.in.fwd,Fwd,Both,Reads.in
Ri2.4P_rep3_F1_filt.fastq.gz,26151,filtered.fwd,Fwd,Both,Filtered
Urr1.3P_rep1_F1_filt.fastq.gz,21187,reads.in.fwd,Fwd,Both,Reads.in
Urr1.3P_rep1_F1_filt.fastq.gz,20093,filtered.fwd,Fwd,Both,Filtered
Urr1.4V_rep2_F1_filt.fastq.gz,37361,reads.in.fwd,Fwd,Both,Reads.in
Urr1.4V_rep2_F1_filt.fastq.gz,35501,filtered.fwd,Fwd,Both,Filtered
Ri2.3P_rep2_F1_filt.fastq.gz,27657,reads.in.fwd,Fwd,Both,Reads.in
Ri2.3P_rep2_F1_filt.fastq.gz,24912,filtered.fwd,Fwd,Both,Filtered
Ri2.2P_rep3_F1_filt.fastq.gz,47877,reads.in.fwd,Fwd,Both,Reads.in
Ri2.2P_rep3_F1_filt.fastq.gz,45174,filtered.fwd,Fwd,Both,Filtered
Urr1.2P_rep2_F1_filt.fastq.gz,26028,reads.in.fwd,Fwd,Both,Reads.in
Urr1.2P_rep2_F1_filt.fastq.gz,24069,filtered.fwd,Fwd,Both,Filtered
Urr1.2V_rep1_F1_filt.fastq.gz,44255,reads.in.fwd,Fwd,Both,Reads.in
Urr1.2V_rep1_F1_filt.fastq.gz,41807,filtered.fwd,Fwd,Both,Filtered
Ri2.2P_rep2_F1_filt.fastq.gz,33224,reads.in.fwd,Fwd,Both,Reads.in
Ri2.2P_rep2_F1_filt.fastq.gz,31042,filtered.fwd,Fwd,Both,Filtered
Ri2.1V_rep2_F1_filt.fastq.gz,59432,reads.in.fwd,Fwd,Both,Reads.in
Ri2.1V_rep2_F1_filt.fastq.gz,55485,filtered.fwd,Fwd,Both,Filtered
Ri2.4V_rep2_F1_filt.fastq.gz,40775,reads.in.fwd,Fwd,Both,Reads.in
Ri2.4V_rep2_F1_filt.fastq.gz,39491,filtered.fwd,Fwd,Both,Filtered
Ri2.2V_rep3_F1_filt.fastq.gz,42249,reads.in.fwd,Fwd,Both,Reads.in
Ri2.2V_rep3_F1_filt.fastq.gz,40100,filtered.fwd,Fwd,Both,Filtered
Urr1.2P_rep1_F1_filt.fastq.gz,23690,reads.in.fwd,Fwd,Both,Reads.in
Urr1.2P_rep1_F1_filt.fastq.gz,21643,filtered.fwd,Fwd,Both,Filtered
Urr1.4P_rep1_F1_filt.fastq.gz,18044,reads.in.fwd,Fwd,Both,Reads.in
Urr1.4P_rep1_F1_filt.fastq.gz,14114,filtered.fwd,Fwd,Both,Filtered
Urr1.3P_rep2_F1_filt.fastq.gz,37992,reads.in.fwd,Fwd,Both,Reads.in
Urr1.3P_rep2_F1_filt.fastq.gz,35851,filtered.fwd,Fwd,Both,Filtered
Ri2.4V_rep3_F1_filt.fastq.gz,43000,reads.in.fwd,Fwd,Both,Reads.in
Ri2.4V_rep3_F1_filt.fastq.gz,40845,filtered.fwd,Fwd,Both,Filtered
Urr1.1P_rep1_F1_filt.fastq.gz,14261,reads.in.fwd,Fwd,Both,Reads.in
Urr1.1P_rep1_F1_filt.fastq.gz,13102,filtered.fwd,Fwd,Both,Filtered
Urr1.1V_rep1_F1_filt.fastq.gz,24322,reads.in.fwd,Fwd,Both,Reads.in
Urr1.1V_rep1_F1_filt.fastq.gz,20802,filtered.fwd,Fwd,Both,Filtered
Ri2.3V_rep3_F1_filt.fastq.gz,37891,reads.in.fwd,Fwd,Both,Reads.in
Ri2.3V_rep3_F1_filt.fastq.gz,35697,filtered.fwd,Fwd,Both,Filtered
Urr1.3V_rep1_F1_filt.fastq.gz,58531,reads.in.fwd,Fwd,Both,Reads.in
Urr1.3V_rep1_F1_filt.fastq.gz,53004,filtered.fwd,Fwd,Both,Filtered
Urr1.2V_rep2_F1_filt.fastq.gz,44208,reads.in.fwd,Fwd,Both,Reads.in
Urr1.2V_rep2_F1_filt.fastq.gz,41682,filtered.fwd,Fwd,Both,Filtered
Urr1.1P_rep2_F1_filt.fastq.gz,22429,reads.in.fwd,Fwd,Both,Reads.in
Urr1.1P_rep2_F1_filt.fastq.gz,21093,filtered.fwd,Fwd,Both,Filtered
Ri2.1P_rep2_F1_filt.fastq.gz,25561,reads.in.fwd,Fwd,Both,Reads.in
Ri2.1P_rep2_F1_filt.fastq.gz,24947,filtered.fwd,Fwd,Both,Filtered
Ri2.3P_rep3_F1_filt.fastq.gz,14637,reads.in.fwd,Fwd,Both,Reads.in
Ri2.3P_rep3_F1_filt.fastq.gz,13937,filtered.fwd,Fwd,Both,Filtered
Ri2.2V_rep2_F1_filt.fastq.gz,41616,reads.in.fwd,Fwd,Both,Reads.in
Ri2.2V_rep2_F1_filt.fastq.gz,40362,filtered.fwd,Fwd,Both,Filtered
Urr1.1V_rep2_F1_filt.fastq.gz,32666,reads.in.fwd,Fwd,Both,Reads.in
Urr1.1V_rep2_F1_filt.fastq.gz,30100,filtered.fwd,Fwd,Both,Filtered
Ri2.4P_rep2_F1_filt.fastq.gz,71465,reads.in.fwd,Fwd,Both,Reads.in
Ri2.4P_rep2_F1_filt.fastq.gz,68316,filtered.fwd,Fwd,Both,Filtered
Ri2.3V_rep2_F1_filt.fastq.gz,52272,reads.in.fwd,Fwd,Both,Reads.in
Ri2.3V_rep2_F1_filt.fastq.gz,48766,filtered.fwd,Fwd,Both,Filtered
Ri2.1V_rep3_F1_filt.fastq.gz,60576,reads.in.fwd,Fwd,Both,Reads.in
Ri2.1V_rep3_F1_filt.fastq.gz,57465,filtered.fwd,Fwd,Both,Filtered
Urr1.4V_rep1_F1_filt.fastq.gz,39641,reads.in.fwd,Fwd,Both,Reads.in
Urr1.4V_rep1_F1_filt.fastq.gz,37386,filtered.fwd,Fwd,Both,Filtered
Urr1.4P_rep2_F1_filt.fastq.gz,25721,reads.in.fwd,Fwd,Both,Reads.in
Urr1.4P_rep2_F1_filt.fastq.gz,22049,filtered.fwd,Fwd,Both,Filtered
Urr1.3V_rep2_F1_filt.fastq.gz,52871,reads.in.fwd,Fwd,Both,Reads.in
Urr1.3V_rep2_F1_filt.fastq.gz,47715,filtered.fwd,Fwd,Both,Filtered
Urr1.3P_rep3_F1_filt.fastq.gz,29465,reads.in.fwd,Fwd,Both,Reads.in
Urr1.3P_rep3_F1_filt.fastq.gz,27410,filtered.fwd,Fwd,Both,Filtered
Urr2.4P_rep1_F1_filt.fastq.gz,35887,reads.in.fwd,Fwd,Both,Reads.in
Urr2.4P_rep1_F1_filt.fastq.gz,31004,filtered.fwd,Fwd,Both,Filtered
Urr2.1V_rep1_F1_filt.fastq.gz,61090,reads.in.fwd,Fwd,Both,Reads.in
Urr2.1V_rep1_F1_filt.fastq.gz,58896,filtered.fwd,Fwd,Both,Filtered
Urr2.2P_rep2_F1_filt.fastq.gz,24735,reads.in.fwd,Fwd,Both,Reads.in
Urr2.2P_rep2_F1_filt.fastq.gz,22692,filtered.fwd,Fwd,Both,Filtered
Urr2.2P_rep1_F1_filt.fastq.gz,31343,reads.in.fwd,Fwd,Both,Reads.in
Urr2.2P_rep1_F1_filt.fastq.gz,28553,filtered.fwd,Fwd,Both,Filtered
Urr2.4V_rep2_F1_filt.fastq.gz,155466,reads.in.fwd,Fwd,Both,Reads.in
Urr2.4V_rep2_F1_filt.fastq.gz,148201,filtered.fwd,Fwd,Both,Filtered
Urr2.4P_rep3_F1_filt.fastq.gz,41137,reads.in.fwd,Fwd,Both,Reads.in
Urr2.4P_rep3_F1_filt.fastq.gz,39072,filtered.fwd,Fwd,Both,Filtered
Urr2.4V_rep3_F1_filt.fastq.gz,54165,reads.in.fwd,Fwd,Both,Reads.in
Urr2.4V_rep3_F1_filt.fastq.gz,50505,filtered.fwd,Fwd,Both,Filtered
Urr1.4V_rep3_F1_filt.fastq.gz,45036,reads.in.fwd,Fwd,Both,Reads.in
Urr1.4V_rep3_F1_filt.fastq.gz,43222,filtered.fwd,Fwd,Both,Filtered
Urr2.4V_rep1_F1_filt.fastq.gz,34183,reads.in.fwd,Fwd,Both,Reads.in
Urr2.4V_rep1_F1_filt.fastq.gz,32839,filtered.fwd,Fwd,Both,Filtered
Urr2.4P_rep2_F1_filt.fastq.gz,56567,reads.in.fwd,Fwd,Both,Reads.in
Urr2.4P_rep2_F1_filt.fastq.gz,48463,filtered.fwd,Fwd,Both,Filtered
Urr2.3V_rep2_F1_filt.fastq.gz,44304,reads.in.fwd,Fwd,Both,Reads.in
Urr2.3V_rep2_F1_filt.fastq.gz,38740,filtered.fwd,Fwd,Both,Filtered
Urr2.2P_rep3_F1_filt.fastq.gz,39664,reads.in.fwd,Fwd,Both,Reads.in
Urr2.2P_rep3_F1_filt.fastq.gz,37505,filtered.fwd,Fwd,Both,Filtered
Urr2.1V_rep3_F1_filt.fastq.gz,35441,reads.in.fwd,Fwd,Both,Reads.in
Urr2.1V_rep3_F1_filt.fastq.gz,34392,filtered.fwd,Fwd,Both,Filtered
Urr1.1P_rep3_F1_filt.fastq.gz,40424,reads.in.fwd,Fwd,Both,Reads.in
Urr1.1P_rep3_F1_filt.fastq.gz,34538,filtered.fwd,Fwd,Both,Filtered
Urr1.3V_rep3_F1_filt.fastq.gz,63213,reads.in.fwd,Fwd,Both,Reads.in
Urr1.3V_rep3_F1_filt.fastq.gz,58169,filtered.fwd,Fwd,Both,Filtered
Urr2.3P_rep1_F1_filt.fastq.gz,33364,reads.in.fwd,Fwd,Both,Reads.in
Urr2.3P_rep1_F1_filt.fastq.gz,31869,filtered.fwd,Fwd,Both,Filtered
Urr2.2V_rep1_F1_filt.fastq.gz,50074,reads.in.fwd,Fwd,Both,Reads.in
Urr2.2V_rep1_F1_filt.fastq.gz,48436,filtered.fwd,Fwd,Both,Filtered
Urr2.2V_rep2_F1_filt.fastq.gz,52594,reads.in.fwd,Fwd,Both,Reads.in
Urr2.2V_rep2_F1_filt.fastq.gz,50999,filtered.fwd,Fwd,Both,Filtered
Urr2.1P_rep3_F1_filt.fastq.gz,23721,reads.in.fwd,Fwd,Both,Reads.in
Urr2.1P_rep3_F1_filt.fastq.gz,22658,filtered.fwd,Fwd,Both,Filtered
Urr1.2P_rep3_F1_filt.fastq.gz,48567,reads.in.fwd,Fwd,Both,Reads.in
Urr1.2P_rep3_F1_filt.fastq.gz,45960,filtered.fwd,Fwd,Both,Filtered
Urr2.1P_rep1_F1_filt.fastq.gz,42387,reads.in.fwd,Fwd,Both,Reads.in
Urr2.1P_rep1_F1_filt.fastq.gz,40102,filtered.fwd,Fwd,Both,Filtered
Urr2.3V_rep3_F1_filt.fastq.gz,61646,reads.in.fwd,Fwd,Both,Reads.in
Urr2.3V_rep3_F1_filt.fastq.gz,59648,filtered.fwd,Fwd,Both,Filtered
Urr1.4P_rep3_F1_filt.fastq.gz,41236,reads.in.fwd,Fwd,Both,Reads.in
Urr1.4P_rep3_F1_filt.fastq.gz,27767,filtered.fwd,Fwd,Both,Filtered
Urr2.3V_rep1_F1_filt.fastq.gz,29624,reads.in.fwd,Fwd,Both,Reads.in
Urr2.3V_rep1_F1_filt.fastq.gz,28034,filtered.fwd,Fwd,Both,Filtered
Urr2.3P_rep3_F1_filt.fastq.gz,31174,reads.in.fwd,Fwd,Both,Reads.in
Urr2.3P_rep3_F1_filt.fastq.gz,29898,filtered.fwd,Fwd,Both,Filtered
Urr2.1P_rep2_F1_filt.fastq.gz,51656,reads.in.fwd,Fwd,Both,Reads.in
Urr2.1P_rep2_F1_filt.fastq.gz,49923,filtered.fwd,Fwd,Both,Filtered
Urr2.3P_rep2_F1_filt.fastq.gz,16278,reads.in.fwd,Fwd,Both,Reads.in
Urr2.3P_rep2_F1_filt.fastq.gz,15626,filtered.fwd,Fwd,Both,Filtered
Urr1.1V_rep3_F1_filt.fastq.gz,65565,reads.in.fwd,Fwd,Both,Reads.in
Urr1.1V_rep3_F1_filt.fastq.gz,61652,filtered.fwd,Fwd,Both,Filtered
Urr1.2V_rep3_F1_filt.fastq.gz,75163,reads.in.fwd,Fwd,Both,Reads.in
Urr1.2V_rep3_F1_filt.fastq.gz,72165,filtered.fwd,Fwd,Both,Filtered
Urr2.1V_rep2_F1_filt.fastq.gz,36301,reads.in.fwd,Fwd,Both,Reads.in
Urr2.1V_rep2_F1_filt.fastq.gz,34834,filtered.fwd,Fwd,Both,Filtered
Urr2.2V_rep3_F1_filt.fastq.gz,22775,reads.in.fwd,Fwd,Both,Reads.in
Urr2.2V_rep3_F1_filt.fastq.gz,22089,filtered.fwd,Fwd,Both,Filtered
Ri1.1P_rep1_F1_filt.fastq.gz,22156,dadaF1s,Fwd,0.1,Denoised
Ri1.2P_rep1_F1_filt.fastq.gz,26124,dadaF1s,Fwd,0.1,Denoised
Ri1.3V_rep1_F1_filt.fastq.gz,29492,dadaF1s,Fwd,0.1,Denoised
Ri1.4V_rep1_F1_filt.fastq.gz,29550,dadaF1s,Fwd,0.1,Denoised
Ri1.4P_rep2_F1_filt.fastq.gz,37677,dadaF1s,Fwd,0.1,Denoised
Ri1.1P_rep3_F1_filt.fastq.gz,23777,dadaF1s,Fwd,0.1,Denoised
Ri1.2V_rep3_F1_filt.fastq.gz,22469,dadaF1s,Fwd,0.1,Denoised
Ri1.3V_rep3_F1_filt.fastq.gz,105702,dadaF1s,Fwd,0.1,Denoised
Ri2.1V_rep1_F1_filt.fastq.gz,27278,dadaF1s,Fwd,0.1,Denoised
Ri2.2V_rep1_F1_filt.fastq.gz,35217,dadaF1s,Fwd,0.1,Denoised
Pos_ctrl_rep2_F1_filt.fastq.gz,21213,dadaF1s,Fwd,0.1,Denoised
Ri1.1V_rep1_F1_filt.fastq.gz,23374,dadaF1s,Fwd,0.1,Denoised
Ri1.3P_rep1_F1_filt.fastq.gz,23527,dadaF1s,Fwd,0.1,Denoised
Ri1.4V_rep3_F1_filt.fastq.gz,40826,dadaF1s,Fwd,0.1,Denoised
Ri2.4P_rep1_F1_filt.fastq.gz,20635,dadaF1s,Fwd,0.1,Denoised
Pos_ctrl_rep3_F1_filt.fastq.gz,29970,dadaF1s,Fwd,0.1,Denoised
Ri1.2V_rep1_F1_filt.fastq.gz,27284,dadaF1s,Fwd,0.1,Denoised
Ri1.1V_rep2_F1_filt.fastq.gz,25797,dadaF1s,Fwd,0.1,Denoised
Ri2.3P_rep1_F1_filt.fastq.gz,20298,dadaF1s,Fwd,0.1,Denoised
Ri2.3V_rep1_F1_filt.fastq.gz,27505,dadaF1s,Fwd,0.1,Denoised
Ri1.4P_rep1_F1_filt.fastq.gz,18005,dadaF1s,Fwd,0.1,Denoised
Ri1.4V_rep2_F1_filt.fastq.gz,34352,dadaF1s,Fwd,0.1,Denoised
Ri2.2P_rep1_F1_filt.fastq.gz,62866,dadaF1s,Fwd,0.1,Denoised
Ri1.3P_rep2_F1_filt.fastq.gz,15728,dadaF1s,Fwd,0.1,Denoised
Ri1.2V_rep2_F1_filt.fastq.gz,23561,dadaF1s,Fwd,0.1,Denoised
Ri1.4P_rep3_F1_filt.fastq.gz,18935,dadaF1s,Fwd,0.1,Denoised
Pos_ctrl_rep1_F1_filt.fastq.gz,16109,dadaF1s,Fwd,0.1,Denoised
Ri1.3V_rep2_F1_filt.fastq.gz,15464,dadaF1s,Fwd,0.1,Denoised
Ri1.2P_rep3_F1_filt.fastq.gz,36559,dadaF1s,Fwd,0.1,Denoised
Ri2.1P_rep1_F1_filt.fastq.gz,18517,dadaF1s,Fwd,0.1,Denoised
Ri1.2P_rep2_F1_filt.fastq.gz,32982,dadaF1s,Fwd,0.1,Denoised
Ri1.1V_rep3_F1_filt.fastq.gz,28936,dadaF1s,Fwd,0.1,Denoised
Ri1.1P_rep2_F1_filt.fastq.gz,29627,dadaF1s,Fwd,0.1,Denoised
Ri1.3P_rep3_F1_filt.fastq.gz,16112,dadaF1s,Fwd,0.1,Denoised
Ri2.4V_rep1_F1_filt.fastq.gz,88028,dadaF1s,Fwd,0.1,Denoised
Ri2.1P_rep3_F1_filt.fastq.gz,25276,dadaF1s,Fwd,0.1,Denoised
Ri2.4P_rep3_F1_filt.fastq.gz,24948,dadaF1s,Fwd,0.1,Denoised
Urr1.3P_rep1_F1_filt.fastq.gz,19625,dadaF1s,Fwd,0.1,Denoised
Urr1.4V_rep2_F1_filt.fastq.gz,34841,dadaF1s,Fwd,0.1,Denoised
Ri2.3P_rep2_F1_filt.fastq.gz,24015,dadaF1s,Fwd,0.1,Denoised
Ri2.2P_rep3_F1_filt.fastq.gz,44027,dadaF1s,Fwd,0.1,Denoised
Urr1.2P_rep2_F1_filt.fastq.gz,23419,dadaF1s,Fwd,0.1,Denoised
Urr1.2V_rep1_F1_filt.fastq.gz,40508,dadaF1s,Fwd,0.1,Denoised
Ri2.2P_rep2_F1_filt.fastq.gz,29817,dadaF1s,Fwd,0.1,Denoised
Ri2.1V_rep2_F1_filt.fastq.gz,52237,dadaF1s,Fwd,0.1,Denoised
Ri2.4V_rep2_F1_filt.fastq.gz,38381,dadaF1s,Fwd,0.1,Denoised
Ri2.2V_rep3_F1_filt.fastq.gz,38295,dadaF1s,Fwd,0.1,Denoised
Urr1.2P_rep1_F1_filt.fastq.gz,20989,dadaF1s,Fwd,0.1,Denoised
Urr1.4P_rep1_F1_filt.fastq.gz,13509,dadaF1s,Fwd,0.1,Denoised
Urr1.3P_rep2_F1_filt.fastq.gz,34958,dadaF1s,Fwd,0.1,Denoised
Ri2.4V_rep3_F1_filt.fastq.gz,40000,dadaF1s,Fwd,0.1,Denoised
Urr1.1P_rep1_F1_filt.fastq.gz,12588,dadaF1s,Fwd,0.1,Denoised
Urr1.1V_rep1_F1_filt.fastq.gz,19800,dadaF1s,Fwd,0.1,Denoised
Ri2.3V_rep3_F1_filt.fastq.gz,34150,dadaF1s,Fwd,0.1,Denoised
Urr1.3V_rep1_F1_filt.fastq.gz,51383,dadaF1s,Fwd,0.1,Denoised
Urr1.2V_rep2_F1_filt.fastq.gz,40662,dadaF1s,Fwd,0.1,Denoised
Urr1.1P_rep2_F1_filt.fastq.gz,20593,dadaF1s,Fwd,0.1,Denoised
Ri2.1P_rep2_F1_filt.fastq.gz,24503,dadaF1s,Fwd,0.1,Denoised
Ri2.3P_rep3_F1_filt.fastq.gz,13439,dadaF1s,Fwd,0.1,Denoised
Ri2.2V_rep2_F1_filt.fastq.gz,39242,dadaF1s,Fwd,0.1,Denoised
Urr1.1V_rep2_F1_filt.fastq.gz,29481,dadaF1s,Fwd,0.1,Denoised
Ri2.4P_rep2_F1_filt.fastq.gz,66777,dadaF1s,Fwd,0.1,Denoised
Ri2.3V_rep2_F1_filt.fastq.gz,46695,dadaF1s,Fwd,0.1,Denoised
Ri2.1V_rep3_F1_filt.fastq.gz,55163,dadaF1s,Fwd,0.1,Denoised
Urr1.4V_rep1_F1_filt.fastq.gz,36578,dadaF1s,Fwd,0.1,Denoised
Urr1.4P_rep2_F1_filt.fastq.gz,21388,dadaF1s,Fwd,0.1,Denoised
Urr1.3V_rep2_F1_filt.fastq.gz,46476,dadaF1s,Fwd,0.1,Denoised
Urr1.3P_rep3_F1_filt.fastq.gz,26727,dadaF1s,Fwd,0.1,Denoised
Urr2.4P_rep1_F1_filt.fastq.gz,30130,dadaF1s,Fwd,0.1,Denoised
Urr2.1V_rep1_F1_filt.fastq.gz,58099,dadaF1s,Fwd,0.1,Denoised
Urr2.2P_rep2_F1_filt.fastq.gz,22317,dadaF1s,Fwd,0.1,Denoised
Urr2.2P_rep1_F1_filt.fastq.gz,28067,dadaF1s,Fwd,0.1,Denoised
Urr2.4V_rep2_F1_filt.fastq.gz,143963,dadaF1s,Fwd,0.1,Denoised
Urr2.4P_rep3_F1_filt.fastq.gz,38520,dadaF1s,Fwd,0.1,Denoised
Urr2.4V_rep3_F1_filt.fastq.gz,49726,dadaF1s,Fwd,0.1,Denoised
Urr1.4V_rep3_F1_filt.fastq.gz,42632,dadaF1s,Fwd,0.1,Denoised
Urr2.4V_rep1_F1_filt.fastq.gz,32279,dadaF1s,Fwd,0.1,Denoised
Urr2.4P_rep2_F1_filt.fastq.gz,46868,dadaF1s,Fwd,0.1,Denoised
Urr2.3V_rep2_F1_filt.fastq.gz,38002,dadaF1s,Fwd,0.1,Denoised
Urr2.2P_rep3_F1_filt.fastq.gz,37151,dadaF1s,Fwd,0.1,Denoised
Urr2.1V_rep3_F1_filt.fastq.gz,33937,dadaF1s,Fwd,0.1,Denoised
Urr1.1P_rep3_F1_filt.fastq.gz,32930,dadaF1s,Fwd,0.1,Denoised
Urr1.3V_rep3_F1_filt.fastq.gz,56443,dadaF1s,Fwd,0.1,Denoised
Urr2.3P_rep1_F1_filt.fastq.gz,31455,dadaF1s,Fwd,0.1,Denoised
Urr2.2V_rep1_F1_filt.fastq.gz,47724,dadaF1s,Fwd,0.1,Denoised
Urr2.2V_rep2_F1_filt.fastq.gz,50401,dadaF1s,Fwd,0.1,Denoised
Urr2.1P_rep3_F1_filt.fastq.gz,22342,dadaF1s,Fwd,0.1,Denoised
Urr1.2P_rep3_F1_filt.fastq.gz,45123,dadaF1s,Fwd,0.1,Denoised
Urr2.1P_rep1_F1_filt.fastq.gz,39450,dadaF1s,Fwd,0.1,Denoised
Urr2.3V_rep3_F1_filt.fastq.gz,59045,dadaF1s,Fwd,0.1,Denoised
Urr1.4P_rep3_F1_filt.fastq.gz,26487,dadaF1s,Fwd,0.1,Denoised
Urr2.3V_rep1_F1_filt.fastq.gz,27287,dadaF1s,Fwd,0.1,Denoised
Urr2.3P_rep3_F1_filt.fastq.gz,29482,dadaF1s,Fwd,0.1,Denoised
Urr2.1P_rep2_F1_filt.fastq.gz,49413,dadaF1s,Fwd,0.1,Denoised
Urr2.3P_rep2_F1_filt.fastq.gz,15365,dadaF1s,Fwd,0.1,Denoised
Urr1.1V_rep3_F1_filt.fastq.gz,60816,dadaF1s,Fwd,0.1,Denoised
Urr1.2V_rep3_F1_filt.fastq.gz,70967,dadaF1s,Fwd,0.1,Denoised
Urr2.1V_rep2_F1_filt.fastq.gz,34371,dadaF1s,Fwd,0.1,Denoised
Urr2.2V_rep3_F1_filt.fastq.gz,21784,dadaF1s,Fwd,0.1,Denoised
Ri1.1P_rep1_F2_filt.fastq.gz,22537,dadaF2s,Fwd,0.2,Denoised
Ri1.2P_rep1_F2_filt.fastq.gz,26156,dadaF2s,Fwd,0.2,Denoised
Ri1.3V_rep1_F2_filt.fastq.gz,29865,dadaF2s,Fwd,0.2,Denoised
Ri1.4V_rep1_F2_filt.fastq.gz,30078,dadaF2s,Fwd,0.2,Denoised
Ri1.4P_rep2_F2_filt.fastq.gz,38046,dadaF2s,Fwd,0.2,Denoised
Ri1.1P_rep3_F2_filt.fastq.gz,23911,dadaF2s,Fwd,0.2,Denoised
Ri1.2V_rep3_F2_filt.fastq.gz,22623,dadaF2s,Fwd,0.2,Denoised
Ri1.3V_rep3_F2_filt.fastq.gz,106485,dadaF2s,Fwd,0.2,Denoised
Ri2.1V_rep1_F2_filt.fastq.gz,27268,dadaF2s,Fwd,0.2,Denoised
Ri2.2V_rep1_F2_filt.fastq.gz,35386,dadaF2s,Fwd,0.2,Denoised
Pos_ctrl_rep2_F2_filt.fastq.gz,21240,dadaF2s,Fwd,0.2,Denoised
Ri1.1V_rep1_F2_filt.fastq.gz,23413,dadaF2s,Fwd,0.2,Denoised
Ri1.3P_rep1_F2_filt.fastq.gz,23652,dadaF2s,Fwd,0.2,Denoised
Ri1.4V_rep3_F2_filt.fastq.gz,40942,dadaF2s,Fwd,0.2,Denoised
Ri2.4P_rep1_F2_filt.fastq.gz,20977,dadaF2s,Fwd,0.2,Denoised
Pos_ctrl_rep3_F2_filt.fastq.gz,30015,dadaF2s,Fwd,0.2,Denoised
Ri1.2V_rep1_F2_filt.fastq.gz,27306,dadaF2s,Fwd,0.2,Denoised
Ri1.1V_rep2_F2_filt.fastq.gz,25855,dadaF2s,Fwd,0.2,Denoised
Ri2.3P_rep1_F2_filt.fastq.gz,20364,dadaF2s,Fwd,0.2,Denoised
Ri2.3V_rep1_F2_filt.fastq.gz,28728,dadaF2s,Fwd,0.2,Denoised
Ri1.4P_rep1_F2_filt.fastq.gz,18219,dadaF2s,Fwd,0.2,Denoised
Ri1.4V_rep2_F2_filt.fastq.gz,35092,dadaF2s,Fwd,0.2,Denoised
Ri2.2P_rep1_F2_filt.fastq.gz,63443,dadaF2s,Fwd,0.2,Denoised
Ri1.3P_rep2_F2_filt.fastq.gz,15957,dadaF2s,Fwd,0.2,Denoised
Ri1.2V_rep2_F2_filt.fastq.gz,24421,dadaF2s,Fwd,0.2,Denoised
Ri1.4P_rep3_F2_filt.fastq.gz,19516,dadaF2s,Fwd,0.2,Denoised
Pos_ctrl_rep1_F2_filt.fastq.gz,16189,dadaF2s,Fwd,0.2,Denoised
Ri1.3V_rep2_F2_filt.fastq.gz,15548,dadaF2s,Fwd,0.2,Denoised
Ri1.2P_rep3_F2_filt.fastq.gz,36684,dadaF2s,Fwd,0.2,Denoised
Ri2.1P_rep1_F2_filt.fastq.gz,18538,dadaF2s,Fwd,0.2,Denoised
Ri1.2P_rep2_F2_filt.fastq.gz,33547,dadaF2s,Fwd,0.2,Denoised
Ri1.1V_rep3_F2_filt.fastq.gz,29126,dadaF2s,Fwd,0.2,Denoised
Ri1.1P_rep2_F2_filt.fastq.gz,30136,dadaF2s,Fwd,0.2,Denoised
Ri1.3P_rep3_F2_filt.fastq.gz,16640,dadaF2s,Fwd,0.2,Denoised
Ri2.4V_rep1_F2_filt.fastq.gz,87780,dadaF2s,Fwd,0.2,Denoised
Ri2.1P_rep3_F2_filt.fastq.gz,25417,dadaF2s,Fwd,0.2,Denoised
Ri2.4P_rep3_F2_filt.fastq.gz,25309,dadaF2s,Fwd,0.2,Denoised
Urr1.3P_rep1_F2_filt.fastq.gz,19709,dadaF2s,Fwd,0.2,Denoised
Urr1.4V_rep2_F2_filt.fastq.gz,34858,dadaF2s,Fwd,0.2,Denoised
Ri2.3P_rep2_F2_filt.fastq.gz,24328,dadaF2s,Fwd,0.2,Denoised
Ri2.2P_rep3_F2_filt.fastq.gz,44235,dadaF2s,Fwd,0.2,Denoised
Urr1.2P_rep2_F2_filt.fastq.gz,23502,dadaF2s,Fwd,0.2,Denoised
Urr1.2V_rep1_F2_filt.fastq.gz,41056,dadaF2s,Fwd,0.2,Denoised
Ri2.2P_rep2_F2_filt.fastq.gz,30144,dadaF2s,Fwd,0.2,Denoised
Ri2.1V_rep2_F2_filt.fastq.gz,53457,dadaF2s,Fwd,0.2,Denoised
Ri2.4V_rep2_F2_filt.fastq.gz,38640,dadaF2s,Fwd,0.2,Denoised
Ri2.2V_rep3_F2_filt.fastq.gz,39017,dadaF2s,Fwd,0.2,Denoised
Urr1.2P_rep1_F2_filt.fastq.gz,21010,dadaF2s,Fwd,0.2,Denoised
Urr1.4P_rep1_F2_filt.fastq.gz,13650,dadaF2s,Fwd,0.2,Denoised
Urr1.3P_rep2_F2_filt.fastq.gz,35195,dadaF2s,Fwd,0.2,Denoised
Ri2.4V_rep3_F2_filt.fastq.gz,40159,dadaF2s,Fwd,0.2,Denoised
Urr1.1P_rep1_F2_filt.fastq.gz,12796,dadaF2s,Fwd,0.2,Denoised
Urr1.1V_rep1_F2_filt.fastq.gz,20034,dadaF2s,Fwd,0.2,Denoised
Ri2.3V_rep3_F2_filt.fastq.gz,34465,dadaF2s,Fwd,0.2,Denoised
Urr1.3V_rep1_F2_filt.fastq.gz,51540,dadaF2s,Fwd,0.2,Denoised
Urr1.2V_rep2_F2_filt.fastq.gz,40762,dadaF2s,Fwd,0.2,Denoised
Urr1.1P_rep2_F2_filt.fastq.gz,20680,dadaF2s,Fwd,0.2,Denoised
Ri2.1P_rep2_F2_filt.fastq.gz,24751,dadaF2s,Fwd,0.2,Denoised
Ri2.3P_rep3_F2_filt.fastq.gz,13610,dadaF2s,Fwd,0.2,Denoised
Ri2.2V_rep2_F2_filt.fastq.gz,39197,dadaF2s,Fwd,0.2,Denoised
Urr1.1V_rep2_F2_filt.fastq.gz,29549,dadaF2s,Fwd,0.2,Denoised
Ri2.4P_rep2_F2_filt.fastq.gz,67185,dadaF2s,Fwd,0.2,Denoised
Ri2.3V_rep2_F2_filt.fastq.gz,47376,dadaF2s,Fwd,0.2,Denoised
Ri2.1V_rep3_F2_filt.fastq.gz,55943,dadaF2s,Fwd,0.2,Denoised
Urr1.4V_rep1_F2_filt.fastq.gz,36663,dadaF2s,Fwd,0.2,Denoised
Urr1.4P_rep2_F2_filt.fastq.gz,21536,dadaF2s,Fwd,0.2,Denoised
Urr1.3V_rep2_F2_filt.fastq.gz,46764,dadaF2s,Fwd,0.2,Denoised
Urr1.3P_rep3_F2_filt.fastq.gz,26898,dadaF2s,Fwd,0.2,Denoised
Urr2.4P_rep1_F2_filt.fastq.gz,30328,dadaF2s,Fwd,0.2,Denoised
Urr2.1V_rep1_F2_filt.fastq.gz,58298,dadaF2s,Fwd,0.2,Denoised
Urr2.2P_rep2_F2_filt.fastq.gz,22413,dadaF2s,Fwd,0.2,Denoised
Urr2.2P_rep1_F2_filt.fastq.gz,28108,dadaF2s,Fwd,0.2,Denoised
Urr2.4V_rep2_F2_filt.fastq.gz,146594,dadaF2s,Fwd,0.2,Denoised
Urr2.4P_rep3_F2_filt.fastq.gz,38673,dadaF2s,Fwd,0.2,Denoised
Urr2.4V_rep3_F2_filt.fastq.gz,49699,dadaF2s,Fwd,0.2,Denoised
Urr1.4V_rep3_F2_filt.fastq.gz,42472,dadaF2s,Fwd,0.2,Denoised
Urr2.4V_rep1_F2_filt.fastq.gz,32300,dadaF2s,Fwd,0.2,Denoised
Urr2.4P_rep2_F2_filt.fastq.gz,47342,dadaF2s,Fwd,0.2,Denoised
Urr2.3V_rep2_F2_filt.fastq.gz,38049,dadaF2s,Fwd,0.2,Denoised
Urr2.2P_rep3_F2_filt.fastq.gz,37194,dadaF2s,Fwd,0.2,Denoised
Urr2.1V_rep3_F2_filt.fastq.gz,33952,dadaF2s,Fwd,0.2,Denoised
Urr1.1P_rep3_F2_filt.fastq.gz,33550,dadaF2s,Fwd,0.2,Denoised
Urr1.3V_rep3_F2_filt.fastq.gz,56788,dadaF2s,Fwd,0.2,Denoised
Urr2.3P_rep1_F2_filt.fastq.gz,31322,dadaF2s,Fwd,0.2,Denoised
Urr2.2V_rep1_F2_filt.fastq.gz,47809,dadaF2s,Fwd,0.2,Denoised
Urr2.2V_rep2_F2_filt.fastq.gz,50450,dadaF2s,Fwd,0.2,Denoised
Urr2.1P_rep3_F2_filt.fastq.gz,22365,dadaF2s,Fwd,0.2,Denoised
Urr1.2P_rep3_F2_filt.fastq.gz,45355,dadaF2s,Fwd,0.2,Denoised
Urr2.1P_rep1_F2_filt.fastq.gz,39565,dadaF2s,Fwd,0.2,Denoised
Urr2.3V_rep3_F2_filt.fastq.gz,59212,dadaF2s,Fwd,0.2,Denoised
Urr1.4P_rep3_F2_filt.fastq.gz,26863,dadaF2s,Fwd,0.2,Denoised
Urr2.3V_rep1_F2_filt.fastq.gz,27431,dadaF2s,Fwd,0.2,Denoised
Urr2.3P_rep3_F2_filt.fastq.gz,29579,dadaF2s,Fwd,0.2,Denoised
Urr2.1P_rep2_F2_filt.fastq.gz,49579,dadaF2s,Fwd,0.2,Denoised
Urr2.3P_rep2_F2_filt.fastq.gz,15427,dadaF2s,Fwd,0.2,Denoised
Urr1.1V_rep3_F2_filt.fastq.gz,60901,dadaF2s,Fwd,0.2,Denoised
Urr1.2V_rep3_F2_filt.fastq.gz,71297,dadaF2s,Fwd,0.2,Denoised
Urr2.1V_rep2_F2_filt.fastq.gz,34408,dadaF2s,Fwd,0.2,Denoised
Urr2.2V_rep3_F2_filt.fastq.gz,21802,dadaF2s,Fwd,0.2,Denoised
Ri1.1P_rep1_R1_filt.fastq.gz,14883,dadaR1s,Rev,0.1,Denoised
Ri1.2P_rep1_R1_filt.fastq.gz,21792,dadaR1s,Rev,0.1,Denoised
Ri1.3V_rep1_R1_filt.fastq.gz,21055,dadaR1s,Rev,0.1,Denoised
Ri1.4V_rep1_R1_filt.fastq.gz,22753,dadaR1s,Rev,0.1,Denoised
Ri1.4P_rep2_R1_filt.fastq.gz,26367,dadaR1s,Rev,0.1,Denoised
Ri1.1P_rep3_R1_filt.fastq.gz,18387,dadaR1s,Rev,0.1,Denoised
Ri1.2V_rep3_R1_filt.fastq.gz,15242,dadaR1s,Rev,0.1,Denoised
Ri1.3V_rep3_R1_filt.fastq.gz,83013,dadaR1s,Rev,0.1,Denoised
Ri2.1V_rep1_R1_filt.fastq.gz,15583,dadaR1s,Rev,0.1,Denoised
Ri2.2V_rep1_R1_filt.fastq.gz,22524,dadaR1s,Rev,0.1,Denoised
Pos_ctrl_rep2_R1_filt.fastq.gz,13951,dadaR1s,Rev,0.1,Denoised
Ri1.1V_rep1_R1_filt.fastq.gz,13798,dadaR1s,Rev,0.1,Denoised
Ri1.3P_rep1_R1_filt.fastq.gz,19671,dadaR1s,Rev,0.1,Denoised
Ri1.4V_rep3_R1_filt.fastq.gz,30923,dadaR1s,Rev,0.1,Denoised
Ri2.4P_rep1_R1_filt.fastq.gz,12792,dadaR1s,Rev,0.1,Denoised
Pos_ctrl_rep3_R1_filt.fastq.gz,16903,dadaR1s,Rev,0.1,Denoised
Ri1.2V_rep1_R1_filt.fastq.gz,20279,dadaR1s,Rev,0.1,Denoised
Ri1.1V_rep2_R1_filt.fastq.gz,20529,dadaR1s,Rev,0.1,Denoised
Ri2.3P_rep1_R1_filt.fastq.gz,17314,dadaR1s,Rev,0.1,Denoised
Ri2.3V_rep1_R1_filt.fastq.gz,21405,dadaR1s,Rev,0.1,Denoised
Ri1.4P_rep1_R1_filt.fastq.gz,22169,dadaR1s,Rev,0.1,Denoised
Ri1.4V_rep2_R1_filt.fastq.gz,23069,dadaR1s,Rev,0.1,Denoised
Ri2.2P_rep1_R1_filt.fastq.gz,40423,dadaR1s,Rev,0.1,Denoised
Ri1.3P_rep2_R1_filt.fastq.gz,13429,dadaR1s,Rev,0.1,Denoised
Ri1.2V_rep2_R1_filt.fastq.gz,15041,dadaR1s,Rev,0.1,Denoised
Ri1.4P_rep3_R1_filt.fastq.gz,15498,dadaR1s,Rev,0.1,Denoised
Pos_ctrl_rep1_R1_filt.fastq.gz,9586,dadaR1s,Rev,0.1,Denoised
Ri1.3V_rep2_R1_filt.fastq.gz,18880,dadaR1s,Rev,0.1,Denoised
Ri1.2P_rep3_R1_filt.fastq.gz,26459,dadaR1s,Rev,0.1,Denoised
Ri2.1P_rep1_R1_filt.fastq.gz,9760,dadaR1s,Rev,0.1,Denoised
Ri1.2P_rep2_R1_filt.fastq.gz,22039,dadaR1s,Rev,0.1,Denoised
Ri1.1V_rep3_R1_filt.fastq.gz,19925,dadaR1s,Rev,0.1,Denoised
Ri1.1P_rep2_R1_filt.fastq.gz,21732,dadaR1s,Rev,0.1,Denoised
Ri1.3P_rep3_R1_filt.fastq.gz,11548,dadaR1s,Rev,0.1,Denoised
Ri2.4V_rep1_R1_filt.fastq.gz,76045,dadaR1s,Rev,0.1,Denoised
Ri2.1P_rep3_R1_filt.fastq.gz,16495,dadaR1s,Rev,0.1,Denoised
Ri2.4P_rep3_R1_filt.fastq.gz,18891,dadaR1s,Rev,0.1,Denoised
Urr1.3P_rep1_R1_filt.fastq.gz,11522,dadaR1s,Rev,0.1,Denoised
Urr1.4V_rep2_R1_filt.fastq.gz,19051,dadaR1s,Rev,0.1,Denoised
Ri2.3P_rep2_R1_filt.fastq.gz,16508,dadaR1s,Rev,0.1,Denoised
Ri2.2P_rep3_R1_filt.fastq.gz,30002,dadaR1s,Rev,0.1,Denoised
Urr1.2P_rep2_R1_filt.fastq.gz,17555,dadaR1s,Rev,0.1,Denoised
Urr1.2V_rep1_R1_filt.fastq.gz,28807,dadaR1s,Rev,0.1,Denoised
Ri2.2P_rep2_R1_filt.fastq.gz,16275,dadaR1s,Rev,0.1,Denoised
Ri2.1V_rep2_R1_filt.fastq.gz,34593,dadaR1s,Rev,0.1,Denoised
Ri2.4V_rep2_R1_filt.fastq.gz,28629,dadaR1s,Rev,0.1,Denoised
Ri2.2V_rep3_R1_filt.fastq.gz,26902,dadaR1s,Rev,0.1,Denoised
Urr1.2P_rep1_R1_filt.fastq.gz,9060,dadaR1s,Rev,0.1,Denoised
Urr1.4P_rep1_R1_filt.fastq.gz,8175,dadaR1s,Rev,0.1,Denoised
Urr1.3P_rep2_R1_filt.fastq.gz,18114,dadaR1s,Rev,0.1,Denoised
Ri2.4V_rep3_R1_filt.fastq.gz,28773,dadaR1s,Rev,0.1,Denoised
Urr1.1P_rep1_R1_filt.fastq.gz,8246,dadaR1s,Rev,0.1,Denoised
Urr1.1V_rep1_R1_filt.fastq.gz,10910,dadaR1s,Rev,0.1,Denoised
Ri2.3V_rep3_R1_filt.fastq.gz,22008,dadaR1s,Rev,0.1,Denoised
Urr1.3V_rep1_R1_filt.fastq.gz,34209,dadaR1s,Rev,0.1,Denoised
Urr1.2V_rep2_R1_filt.fastq.gz,22638,dadaR1s,Rev,0.1,Denoised
Urr1.1P_rep2_R1_filt.fastq.gz,9981,dadaR1s,Rev,0.1,Denoised
Ri2.1P_rep2_R1_filt.fastq.gz,11810,dadaR1s,Rev,0.1,Denoised
Ri2.3P_rep3_R1_filt.fastq.gz,7794,dadaR1s,Rev,0.1,Denoised
Ri2.2V_rep2_R1_filt.fastq.gz,24638,dadaR1s,Rev,0.1,Denoised
Urr1.1V_rep2_R1_filt.fastq.gz,19687,dadaR1s,Rev,0.1,Denoised
Ri2.4P_rep2_R1_filt.fastq.gz,40050,dadaR1s,Rev,0.1,Denoised
Ri2.3V_rep2_R1_filt.fastq.gz,33027,dadaR1s,Rev,0.1,Denoised
Ri2.1V_rep3_R1_filt.fastq.gz,36304,dadaR1s,Rev,0.1,Denoised
Urr1.4V_rep1_R1_filt.fastq.gz,20993,dadaR1s,Rev,0.1,Denoised
Urr1.4P_rep2_R1_filt.fastq.gz,11031,dadaR1s,Rev,0.1,Denoised
Urr1.3V_rep2_R1_filt.fastq.gz,24350,dadaR1s,Rev,0.1,Denoised
Urr1.3P_rep3_R1_filt.fastq.gz,19433,dadaR1s,Rev,0.1,Denoised
Urr2.4P_rep1_R1_filt.fastq.gz,15106,dadaR1s,Rev,0.1,Denoised
Urr2.1V_rep1_R1_filt.fastq.gz,42921,dadaR1s,Rev,0.1,Denoised
Urr2.2P_rep2_R1_filt.fastq.gz,15545,dadaR1s,Rev,0.1,Denoised
Urr2.2P_rep1_R1_filt.fastq.gz,20400,dadaR1s,Rev,0.1,Denoised
Urr2.4V_rep2_R1_filt.fastq.gz,100970,dadaR1s,Rev,0.1,Denoised
Urr2.4P_rep3_R1_filt.fastq.gz,24424,dadaR1s,Rev,0.1,Denoised
Urr2.4V_rep3_R1_filt.fastq.gz,33807,dadaR1s,Rev,0.1,Denoised
Urr1.4V_rep3_R1_filt.fastq.gz,29914,dadaR1s,Rev,0.1,Denoised
Urr2.4V_rep1_R1_filt.fastq.gz,18074,dadaR1s,Rev,0.1,Denoised
Urr2.4P_rep2_R1_filt.fastq.gz,30747,dadaR1s,Rev,0.1,Denoised
Urr2.3V_rep2_R1_filt.fastq.gz,26083,dadaR1s,Rev,0.1,Denoised
Urr2.2P_rep3_R1_filt.fastq.gz,25692,dadaR1s,Rev,0.1,Denoised
Urr2.1V_rep3_R1_filt.fastq.gz,18894,dadaR1s,Rev,0.1,Denoised
Urr1.1P_rep3_R1_filt.fastq.gz,23573,dadaR1s,Rev,0.1,Denoised
Urr1.3V_rep3_R1_filt.fastq.gz,35292,dadaR1s,Rev,0.1,Denoised
Urr2.3P_rep1_R1_filt.fastq.gz,24023,dadaR1s,Rev,0.1,Denoised
Urr2.2V_rep1_R1_filt.fastq.gz,38324,dadaR1s,Rev,0.1,Denoised
Urr2.2V_rep2_R1_filt.fastq.gz,36483,dadaR1s,Rev,0.1,Denoised
Urr2.1P_rep3_R1_filt.fastq.gz,15350,dadaR1s,Rev,0.1,Denoised
Urr1.2P_rep3_R1_filt.fastq.gz,28254,dadaR1s,Rev,0.1,Denoised
Urr2.1P_rep1_R1_filt.fastq.gz,24536,dadaR1s,Rev,0.1,Denoised
Urr2.3V_rep3_R1_filt.fastq.gz,45968,dadaR1s,Rev,0.1,Denoised
Urr1.4P_rep3_R1_filt.fastq.gz,20003,dadaR1s,Rev,0.1,Denoised
Urr2.3V_rep1_R1_filt.fastq.gz,22559,dadaR1s,Rev,0.1,Denoised
Urr2.3P_rep3_R1_filt.fastq.gz,17185,dadaR1s,Rev,0.1,Denoised
Urr2.1P_rep2_R1_filt.fastq.gz,38387,dadaR1s,Rev,0.1,Denoised
Urr2.3P_rep2_R1_filt.fastq.gz,11699,dadaR1s,Rev,0.1,Denoised
Urr1.1V_rep3_R1_filt.fastq.gz,38656,dadaR1s,Rev,0.1,Denoised
Urr1.2V_rep3_R1_filt.fastq.gz,50496,dadaR1s,Rev,0.1,Denoised
Urr2.1V_rep2_R1_filt.fastq.gz,20995,dadaR1s,Rev,0.1,Denoised
Urr2.2V_rep3_R1_filt.fastq.gz,13165,dadaR1s,Rev,0.1,Denoised
Ri1.1P_rep1_R2_filt.fastq.gz,14971,dadaR2s,Rev,0.2,Denoised
Ri1.2P_rep1_R2_filt.fastq.gz,21964,dadaR2s,Rev,0.2,Denoised
Ri1.3V_rep1_R2_filt.fastq.gz,21133,dadaR2s,Rev,0.2,Denoised
Ri1.4V_rep1_R2_filt.fastq.gz,23416,dadaR2s,Rev,0.2,Denoised
Ri1.4P_rep2_R2_filt.fastq.gz,26826,dadaR2s,Rev,0.2,Denoised
Ri1.1P_rep3_R2_filt.fastq.gz,18540,dadaR2s,Rev,0.2,Denoised
Ri1.2V_rep3_R2_filt.fastq.gz,15837,dadaR2s,Rev,0.2,Denoised
Ri1.3V_rep3_R2_filt.fastq.gz,84716,dadaR2s,Rev,0.2,Denoised
Ri2.1V_rep1_R2_filt.fastq.gz,15736,dadaR2s,Rev,0.2,Denoised
Ri2.2V_rep1_R2_filt.fastq.gz,22780,dadaR2s,Rev,0.2,Denoised
Pos_ctrl_rep2_R2_filt.fastq.gz,13950,dadaR2s,Rev,0.2,Denoised
Ri1.1V_rep1_R2_filt.fastq.gz,13895,dadaR2s,Rev,0.2,Denoised
Ri1.3P_rep1_R2_filt.fastq.gz,19804,dadaR2s,Rev,0.2,Denoised
Ri1.4V_rep3_R2_filt.fastq.gz,31141,dadaR2s,Rev,0.2,Denoised
Ri2.4P_rep1_R2_filt.fastq.gz,13471,dadaR2s,Rev,0.2,Denoised
Pos_ctrl_rep3_R2_filt.fastq.gz,16921,dadaR2s,Rev,0.2,Denoised
Ri1.2V_rep1_R2_filt.fastq.gz,20295,dadaR2s,Rev,0.2,Denoised
Ri1.1V_rep2_R2_filt.fastq.gz,21224,dadaR2s,Rev,0.2,Denoised
Ri2.3P_rep1_R2_filt.fastq.gz,17442,dadaR2s,Rev,0.2,Denoised
Ri2.3V_rep1_R2_filt.fastq.gz,22980,dadaR2s,Rev,0.2,Denoised
Ri1.4P_rep1_R2_filt.fastq.gz,22493,dadaR2s,Rev,0.2,Denoised
Ri1.4V_rep2_R2_filt.fastq.gz,23757,dadaR2s,Rev,0.2,Denoised
Ri2.2P_rep1_R2_filt.fastq.gz,40882,dadaR2s,Rev,0.2,Denoised
Ri1.3P_rep2_R2_filt.fastq.gz,13635,dadaR2s,Rev,0.2,Denoised
Ri1.2V_rep2_R2_filt.fastq.gz,15506,dadaR2s,Rev,0.2,Denoised
Ri1.4P_rep3_R2_filt.fastq.gz,15676,dadaR2s,Rev,0.2,Denoised
Pos_ctrl_rep1_R2_filt.fastq.gz,9665,dadaR2s,Rev,0.2,Denoised
Ri1.3V_rep2_R2_filt.fastq.gz,19175,dadaR2s,Rev,0.2,Denoised
Ri1.2P_rep3_R2_filt.fastq.gz,26635,dadaR2s,Rev,0.2,Denoised
Ri2.1P_rep1_R2_filt.fastq.gz,9778,dadaR2s,Rev,0.2,Denoised
Ri1.2P_rep2_R2_filt.fastq.gz,22559,dadaR2s,Rev,0.2,Denoised
Ri1.1V_rep3_R2_filt.fastq.gz,20141,dadaR2s,Rev,0.2,Denoised
Ri1.1P_rep2_R2_filt.fastq.gz,21842,dadaR2s,Rev,0.2,Denoised
Ri1.3P_rep3_R2_filt.fastq.gz,12865,dadaR2s,Rev,0.2,Denoised
Ri2.4V_rep1_R2_filt.fastq.gz,77002,dadaR2s,Rev,0.2,Denoised
Ri2.1P_rep3_R2_filt.fastq.gz,16499,dadaR2s,Rev,0.2,Denoised
Ri2.4P_rep3_R2_filt.fastq.gz,19256,dadaR2s,Rev,0.2,Denoised
Urr1.3P_rep1_R2_filt.fastq.gz,11581,dadaR2s,Rev,0.2,Denoised
Urr1.4V_rep2_R2_filt.fastq.gz,19115,dadaR2s,Rev,0.2,Denoised
Ri2.3P_rep2_R2_filt.fastq.gz,17328,dadaR2s,Rev,0.2,Denoised
Ri2.2P_rep3_R2_filt.fastq.gz,30520,dadaR2s,Rev,0.2,Denoised
Urr1.2P_rep2_R2_filt.fastq.gz,17637,dadaR2s,Rev,0.2,Denoised
Urr1.2V_rep1_R2_filt.fastq.gz,28993,dadaR2s,Rev,0.2,Denoised
Ri2.2P_rep2_R2_filt.fastq.gz,17040,dadaR2s,Rev,0.2,Denoised
Ri2.1V_rep2_R2_filt.fastq.gz,35939,dadaR2s,Rev,0.2,Denoised
Ri2.4V_rep2_R2_filt.fastq.gz,28957,dadaR2s,Rev,0.2,Denoised
Ri2.2V_rep3_R2_filt.fastq.gz,28037,dadaR2s,Rev,0.2,Denoised
Urr1.2P_rep1_R2_filt.fastq.gz,9092,dadaR2s,Rev,0.2,Denoised
Urr1.4P_rep1_R2_filt.fastq.gz,8213,dadaR2s,Rev,0.2,Denoised
Urr1.3P_rep2_R2_filt.fastq.gz,18242,dadaR2s,Rev,0.2,Denoised
Ri2.4V_rep3_R2_filt.fastq.gz,29281,dadaR2s,Rev,0.2,Denoised
Urr1.1P_rep1_R2_filt.fastq.gz,8326,dadaR2s,Rev,0.2,Denoised
Urr1.1V_rep1_R2_filt.fastq.gz,11068,dadaR2s,Rev,0.2,Denoised
Ri2.3V_rep3_R2_filt.fastq.gz,22610,dadaR2s,Rev,0.2,Denoised
Urr1.3V_rep1_R2_filt.fastq.gz,34514,dadaR2s,Rev,0.2,Denoised
Urr1.2V_rep2_R2_filt.fastq.gz,22914,dadaR2s,Rev,0.2,Denoised
Urr1.1P_rep2_R2_filt.fastq.gz,10015,dadaR2s,Rev,0.2,Denoised
Ri2.1P_rep2_R2_filt.fastq.gz,11835,dadaR2s,Rev,0.2,Denoised
Ri2.3P_rep3_R2_filt.fastq.gz,7850,dadaR2s,Rev,0.2,Denoised
Ri2.2V_rep2_R2_filt.fastq.gz,25574,dadaR2s,Rev,0.2,Denoised
Urr1.1V_rep2_R2_filt.fastq.gz,19852,dadaR2s,Rev,0.2,Denoised
Ri2.4P_rep2_R2_filt.fastq.gz,40559,dadaR2s,Rev,0.2,Denoised
Ri2.3V_rep2_R2_filt.fastq.gz,33772,dadaR2s,Rev,0.2,Denoised
Ri2.1V_rep3_R2_filt.fastq.gz,36965,dadaR2s,Rev,0.2,Denoised
Urr1.4V_rep1_R2_filt.fastq.gz,21079,dadaR2s,Rev,0.2,Denoised
Urr1.4P_rep2_R2_filt.fastq.gz,11130,dadaR2s,Rev,0.2,Denoised
Urr1.3V_rep2_R2_filt.fastq.gz,24901,dadaR2s,Rev,0.2,Denoised
Urr1.3P_rep3_R2_filt.fastq.gz,19563,dadaR2s,Rev,0.2,Denoised
Urr2.4P_rep1_R2_filt.fastq.gz,15307,dadaR2s,Rev,0.2,Denoised
Urr2.1V_rep1_R2_filt.fastq.gz,43116,dadaR2s,Rev,0.2,Denoised
Urr2.2P_rep2_R2_filt.fastq.gz,15608,dadaR2s,Rev,0.2,Denoised
Urr2.2P_rep1_R2_filt.fastq.gz,20468,dadaR2s,Rev,0.2,Denoised
Urr2.4V_rep2_R2_filt.fastq.gz,102754,dadaR2s,Rev,0.2,Denoised
Urr2.4P_rep3_R2_filt.fastq.gz,24558,dadaR2s,Rev,0.2,Denoised
Urr2.4V_rep3_R2_filt.fastq.gz,34080,dadaR2s,Rev,0.2,Denoised
Urr1.4V_rep3_R2_filt.fastq.gz,30093,dadaR2s,Rev,0.2,Denoised
Urr2.4V_rep1_R2_filt.fastq.gz,18111,dadaR2s,Rev,0.2,Denoised
Urr2.4P_rep2_R2_filt.fastq.gz,31176,dadaR2s,Rev,0.2,Denoised
Urr2.3V_rep2_R2_filt.fastq.gz,26178,dadaR2s,Rev,0.2,Denoised
Urr2.2P_rep3_R2_filt.fastq.gz,25769,dadaR2s,Rev,0.2,Denoised
Urr2.1V_rep3_R2_filt.fastq.gz,18912,dadaR2s,Rev,0.2,Denoised
Urr1.1P_rep3_R2_filt.fastq.gz,24108,dadaR2s,Rev,0.2,Denoised
Urr1.3V_rep3_R2_filt.fastq.gz,35580,dadaR2s,Rev,0.2,Denoised
Urr2.3P_rep1_R2_filt.fastq.gz,24065,dadaR2s,Rev,0.2,Denoised
Urr2.2V_rep1_R2_filt.fastq.gz,38490,dadaR2s,Rev,0.2,Denoised
Urr2.2V_rep2_R2_filt.fastq.gz,36602,dadaR2s,Rev,0.2,Denoised
Urr2.1P_rep3_R2_filt.fastq.gz,15389,dadaR2s,Rev,0.2,Denoised
Urr1.2P_rep3_R2_filt.fastq.gz,28312,dadaR2s,Rev,0.2,Denoised
Urr2.1P_rep1_R2_filt.fastq.gz,24587,dadaR2s,Rev,0.2,Denoised
Urr2.3V_rep3_R2_filt.fastq.gz,45995,dadaR2s,Rev,0.2,Denoised
Urr1.4P_rep3_R2_filt.fastq.gz,20643,dadaR2s,Rev,0.2,Denoised
Urr2.3V_rep1_R2_filt.fastq.gz,22620,dadaR2s,Rev,0.2,Denoised
Urr2.3P_rep3_R2_filt.fastq.gz,17212,dadaR2s,Rev,0.2,Denoised
Urr2.1P_rep2_R2_filt.fastq.gz,38593,dadaR2s,Rev,0.2,Denoised
Urr2.3P_rep2_R2_filt.fastq.gz,11730,dadaR2s,Rev,0.2,Denoised
Urr1.1V_rep3_R2_filt.fastq.gz,38864,dadaR2s,Rev,0.2,Denoised
Urr1.2V_rep3_R2_filt.fastq.gz,51024,dadaR2s,Rev,0.2,Denoised
Urr2.1V_rep2_R2_filt.fastq.gz,21034,dadaR2s,Rev,0.2,Denoised
Urr2.2V_rep3_R2_filt.fastq.gz,13181,dadaR2s,Rev,0.2,Denoised
Ri1.1P_rep1_F1_filt.fastq.gz,21963,mergersF,Fwd,Both,Merged
Ri1.2P_rep1_F1_filt.fastq.gz,25961,mergersF,Fwd,Both,Merged
Ri1.3V_rep1_F1_filt.fastq.gz,29223,mergersF,Fwd,Both,Merged
Ri1.4V_rep1_F1_filt.fastq.gz,28236,mergersF,Fwd,Both,Merged
Ri1.4P_rep2_F1_filt.fastq.gz,36214,mergersF,Fwd,Both,Merged
Ri1.1P_rep3_F1_filt.fastq.gz,23486,mergersF,Fwd,Both,Merged
Ri1.2V_rep3_F1_filt.fastq.gz,22141,mergersF,Fwd,Both,Merged
Ri1.3V_rep3_F1_filt.fastq.gz,102191,mergersF,Fwd,Both,Merged
Ri2.1V_rep1_F1_filt.fastq.gz,26591,mergersF,Fwd,Both,Merged
Ri2.2V_rep1_F1_filt.fastq.gz,33997,mergersF,Fwd,Both,Merged
Pos_ctrl_rep2_F1_filt.fastq.gz,21200,mergersF,Fwd,Both,Merged
Ri1.1V_rep1_F1_filt.fastq.gz,23061,mergersF,Fwd,Both,Merged
Ri1.3P_rep1_F1_filt.fastq.gz,22808,mergersF,Fwd,Both,Merged
Ri1.4V_rep3_F1_filt.fastq.gz,39359,mergersF,Fwd,Both,Merged
Ri2.4P_rep1_F1_filt.fastq.gz,19888,mergersF,Fwd,Both,Merged
Pos_ctrl_rep3_F1_filt.fastq.gz,29919,mergersF,Fwd,Both,Merged
Ri1.2V_rep1_F1_filt.fastq.gz,26490,mergersF,Fwd,Both,Merged
Ri1.1V_rep2_F1_filt.fastq.gz,25296,mergersF,Fwd,Both,Merged
Ri2.3P_rep1_F1_filt.fastq.gz,19582,mergersF,Fwd,Both,Merged
Ri2.3V_rep1_F1_filt.fastq.gz,26255,mergersF,Fwd,Both,Merged
Ri1.4P_rep1_F1_filt.fastq.gz,17742,mergersF,Fwd,Both,Merged
Ri1.4V_rep2_F1_filt.fastq.gz,33812,mergersF,Fwd,Both,Merged
Ri2.2P_rep1_F1_filt.fastq.gz,62539,mergersF,Fwd,Both,Merged
Ri1.3P_rep2_F1_filt.fastq.gz,15287,mergersF,Fwd,Both,Merged
Ri1.2V_rep2_F1_filt.fastq.gz,23098,mergersF,Fwd,Both,Merged
Ri1.4P_rep3_F1_filt.fastq.gz,18394,mergersF,Fwd,Both,Merged
Pos_ctrl_rep1_F1_filt.fastq.gz,16107,mergersF,Fwd,Both,Merged
Ri1.3V_rep2_F1_filt.fastq.gz,14870,mergersF,Fwd,Both,Merged
Ri1.2P_rep3_F1_filt.fastq.gz,34772,mergersF,Fwd,Both,Merged
Ri2.1P_rep1_F1_filt.fastq.gz,18374,mergersF,Fwd,Both,Merged
Ri1.2P_rep2_F1_filt.fastq.gz,32717,mergersF,Fwd,Both,Merged
Ri1.1V_rep3_F1_filt.fastq.gz,27796,mergersF,Fwd,Both,Merged
Ri1.1P_rep2_F1_filt.fastq.gz,28723,mergersF,Fwd,Both,Merged
Ri1.3P_rep3_F1_filt.fastq.gz,15154,mergersF,Fwd,Both,Merged
Ri2.4V_rep1_F1_filt.fastq.gz,85774,mergersF,Fwd,Both,Merged
Ri2.1P_rep3_F1_filt.fastq.gz,25130,mergersF,Fwd,Both,Merged
Ri2.4P_rep3_F1_filt.fastq.gz,24347,mergersF,Fwd,Both,Merged
Urr1.3P_rep1_F1_filt.fastq.gz,18980,mergersF,Fwd,Both,Merged
Urr1.4V_rep2_F1_filt.fastq.gz,34280,mergersF,Fwd,Both,Merged
Ri2.3P_rep2_F1_filt.fastq.gz,22879,mergersF,Fwd,Both,Merged
Ri2.2P_rep3_F1_filt.fastq.gz,42920,mergersF,Fwd,Both,Merged
Urr1.2P_rep2_F1_filt.fastq.gz,23024,mergersF,Fwd,Both,Merged
Urr1.2V_rep1_F1_filt.fastq.gz,39025,mergersF,Fwd,Both,Merged
Ri2.2P_rep2_F1_filt.fastq.gz,28964,mergersF,Fwd,Both,Merged
Ri2.1V_rep2_F1_filt.fastq.gz,50111,mergersF,Fwd,Both,Merged
Ri2.4V_rep2_F1_filt.fastq.gz,37888,mergersF,Fwd,Both,Merged
Ri2.2V_rep3_F1_filt.fastq.gz,36241,mergersF,Fwd,Both,Merged
Urr1.2P_rep1_F1_filt.fastq.gz,20580,mergersF,Fwd,Both,Merged
Urr1.4P_rep1_F1_filt.fastq.gz,13217,mergersF,Fwd,Both,Merged
Urr1.3P_rep2_F1_filt.fastq.gz,34565,mergersF,Fwd,Both,Merged
Ri2.4V_rep3_F1_filt.fastq.gz,38645,mergersF,Fwd,Both,Merged
Urr1.1P_rep1_F1_filt.fastq.gz,12326,mergersF,Fwd,Both,Merged
Urr1.1V_rep1_F1_filt.fastq.gz,19520,mergersF,Fwd,Both,Merged
Ri2.3V_rep3_F1_filt.fastq.gz,31936,mergersF,Fwd,Both,Merged
Urr1.3V_rep1_F1_filt.fastq.gz,49872,mergersF,Fwd,Both,Merged
Urr1.2V_rep2_F1_filt.fastq.gz,40081,mergersF,Fwd,Both,Merged
Urr1.1P_rep2_F1_filt.fastq.gz,19914,mergersF,Fwd,Both,Merged
Ri2.1P_rep2_F1_filt.fastq.gz,23817,mergersF,Fwd,Both,Merged
Ri2.3P_rep3_F1_filt.fastq.gz,12699,mergersF,Fwd,Both,Merged
Ri2.2V_rep2_F1_filt.fastq.gz,38176,mergersF,Fwd,Both,Merged
Urr1.1V_rep2_F1_filt.fastq.gz,29293,mergersF,Fwd,Both,Merged
Ri2.4P_rep2_F1_filt.fastq.gz,63862,mergersF,Fwd,Both,Merged
Ri2.3V_rep2_F1_filt.fastq.gz,44676,mergersF,Fwd,Both,Merged
Ri2.1V_rep3_F1_filt.fastq.gz,52737,mergersF,Fwd,Both,Merged
Urr1.4V_rep1_F1_filt.fastq.gz,36044,mergersF,Fwd,Both,Merged
Urr1.4P_rep2_F1_filt.fastq.gz,20593,mergersF,Fwd,Both,Merged
Urr1.3V_rep2_F1_filt.fastq.gz,44653,mergersF,Fwd,Both,Merged
Urr1.3P_rep3_F1_filt.fastq.gz,26451,mergersF,Fwd,Both,Merged
Urr2.4P_rep1_F1_filt.fastq.gz,29857,mergersF,Fwd,Both,Merged
Urr2.1V_rep1_F1_filt.fastq.gz,57575,mergersF,Fwd,Both,Merged
Urr2.2P_rep2_F1_filt.fastq.gz,22216,mergersF,Fwd,Both,Merged
Urr2.2P_rep1_F1_filt.fastq.gz,27979,mergersF,Fwd,Both,Merged
Urr2.4V_rep2_F1_filt.fastq.gz,142101,mergersF,Fwd,Both,Merged
Urr2.4P_rep3_F1_filt.fastq.gz,38292,mergersF,Fwd,Both,Merged
Urr2.4V_rep3_F1_filt.fastq.gz,48078,mergersF,Fwd,Both,Merged
Urr1.4V_rep3_F1_filt.fastq.gz,41115,mergersF,Fwd,Both,Merged
Urr2.4V_rep1_F1_filt.fastq.gz,31997,mergersF,Fwd,Both,Merged
Urr2.4P_rep2_F1_filt.fastq.gz,45729,mergersF,Fwd,Both,Merged
Urr2.3V_rep2_F1_filt.fastq.gz,36653,mergersF,Fwd,Both,Merged
Urr2.2P_rep3_F1_filt.fastq.gz,36059,mergersF,Fwd,Both,Merged
Urr2.1V_rep3_F1_filt.fastq.gz,32996,mergersF,Fwd,Both,Merged
Urr1.1P_rep3_F1_filt.fastq.gz,32123,mergersF,Fwd,Both,Merged
Urr1.3V_rep3_F1_filt.fastq.gz,55546,mergersF,Fwd,Both,Merged
Urr2.3P_rep1_F1_filt.fastq.gz,30254,mergersF,Fwd,Both,Merged
Urr2.2V_rep1_F1_filt.fastq.gz,46259,mergersF,Fwd,Both,Merged
Urr2.2V_rep2_F1_filt.fastq.gz,50087,mergersF,Fwd,Both,Merged
Urr2.1P_rep3_F1_filt.fastq.gz,22182,mergersF,Fwd,Both,Merged
Urr1.2P_rep3_F1_filt.fastq.gz,43609,mergersF,Fwd,Both,Merged
Urr2.1P_rep1_F1_filt.fastq.gz,38992,mergersF,Fwd,Both,Merged
Urr2.3V_rep3_F1_filt.fastq.gz,58799,mergersF,Fwd,Both,Merged
Urr1.4P_rep3_F1_filt.fastq.gz,26009,mergersF,Fwd,Both,Merged
Urr2.3V_rep1_F1_filt.fastq.gz,27103,mergersF,Fwd,Both,Merged
Urr2.3P_rep3_F1_filt.fastq.gz,29286,mergersF,Fwd,Both,Merged
Urr2.1P_rep2_F1_filt.fastq.gz,47748,mergersF,Fwd,Both,Merged
Urr2.3P_rep2_F1_filt.fastq.gz,15276,mergersF,Fwd,Both,Merged
Urr1.1V_rep3_F1_filt.fastq.gz,58273,mergersF,Fwd,Both,Merged
Urr1.2V_rep3_F1_filt.fastq.gz,70332,mergersF,Fwd,Both,Merged
Urr2.1V_rep2_F1_filt.fastq.gz,34217,mergersF,Fwd,Both,Merged
Urr2.2V_rep3_F1_filt.fastq.gz,21686,mergersF,Fwd,Both,Merged
Ri1.1P_rep1_R1_filt.fastq.gz,14686,mergersR,Rev,Both,Merged
Ri1.2P_rep1_R1_filt.fastq.gz,21641,mergersR,Rev,Both,Merged
Ri1.3V_rep1_R1_filt.fastq.gz,20690,mergersR,Rev,Both,Merged
Ri1.4V_rep1_R1_filt.fastq.gz,22219,mergersR,Rev,Both,Merged
Ri1.4P_rep2_R1_filt.fastq.gz,25725,mergersR,Rev,Both,Merged
Ri1.1P_rep3_R1_filt.fastq.gz,18118,mergersR,Rev,Both,Merged
Ri1.2V_rep3_R1_filt.fastq.gz,15155,mergersR,Rev,Both,Merged
Ri1.3V_rep3_R1_filt.fastq.gz,80517,mergersR,Rev,Both,Merged
Ri2.1V_rep1_R1_filt.fastq.gz,15307,mergersR,Rev,Both,Merged
Ri2.2V_rep1_R1_filt.fastq.gz,22165,mergersR,Rev,Both,Merged
Pos_ctrl_rep2_R1_filt.fastq.gz,13609,mergersR,Rev,Both,Merged
Ri1.1V_rep1_R1_filt.fastq.gz,13637,mergersR,Rev,Both,Merged
Ri1.3P_rep1_R1_filt.fastq.gz,19429,mergersR,Rev,Both,Merged
Ri1.4V_rep3_R1_filt.fastq.gz,30316,mergersR,Rev,Both,Merged
Ri2.4P_rep1_R1_filt.fastq.gz,12496,mergersR,Rev,Both,Merged
Pos_ctrl_rep3_R1_filt.fastq.gz,16897,mergersR,Rev,Both,Merged
Ri1.2V_rep1_R1_filt.fastq.gz,20111,mergersR,Rev,Both,Merged
Ri1.1V_rep2_R1_filt.fastq.gz,20411,mergersR,Rev,Both,Merged
Ri2.3P_rep1_R1_filt.fastq.gz,16828,mergersR,Rev,Both,Merged
Ri2.3V_rep1_R1_filt.fastq.gz,20409,mergersR,Rev,Both,Merged
Ri1.4P_rep1_R1_filt.fastq.gz,21931,mergersR,Rev,Both,Merged
Ri1.4V_rep2_R1_filt.fastq.gz,22708,mergersR,Rev,Both,Merged
Ri2.2P_rep1_R1_filt.fastq.gz,39914,mergersR,Rev,Both,Merged
Ri1.3P_rep2_R1_filt.fastq.gz,13001,mergersR,Rev,Both,Merged
Ri1.2V_rep2_R1_filt.fastq.gz,14661,mergersR,Rev,Both,Merged
Ri1.4P_rep3_R1_filt.fastq.gz,15122,mergersR,Rev,Both,Merged
Pos_ctrl_rep1_R1_filt.fastq.gz,9573,mergersR,Rev,Both,Merged
Ri1.3V_rep2_R1_filt.fastq.gz,18645,mergersR,Rev,Both,Merged
Ri1.2P_rep3_R1_filt.fastq.gz,26310,mergersR,Rev,Both,Merged
Ri2.1P_rep1_R1_filt.fastq.gz,9577,mergersR,Rev,Both,Merged
Ri1.2P_rep2_R1_filt.fastq.gz,21817,mergersR,Rev,Both,Merged
Ri1.1V_rep3_R1_filt.fastq.gz,19546,mergersR,Rev,Both,Merged
Ri1.1P_rep2_R1_filt.fastq.gz,21299,mergersR,Rev,Both,Merged
Ri1.3P_rep3_R1_filt.fastq.gz,9437,mergersR,Rev,Both,Merged
Ri2.4V_rep1_R1_filt.fastq.gz,73938,mergersR,Rev,Both,Merged
Ri2.1P_rep3_R1_filt.fastq.gz,16193,mergersR,Rev,Both,Merged
Ri2.4P_rep3_R1_filt.fastq.gz,18344,mergersR,Rev,Both,Merged
Urr1.3P_rep1_R1_filt.fastq.gz,11389,mergersR,Rev,Both,Merged
Urr1.4V_rep2_R1_filt.fastq.gz,18853,mergersR,Rev,Both,Merged
Ri2.3P_rep2_R1_filt.fastq.gz,16187,mergersR,Rev,Both,Merged
Ri2.2P_rep3_R1_filt.fastq.gz,29725,mergersR,Rev,Both,Merged
Urr1.2P_rep2_R1_filt.fastq.gz,17185,mergersR,Rev,Both,Merged
Urr1.2V_rep1_R1_filt.fastq.gz,28441,mergersR,Rev,Both,Merged
Ri2.2P_rep2_R1_filt.fastq.gz,16100,mergersR,Rev,Both,Merged
Ri2.1V_rep2_R1_filt.fastq.gz,32514,mergersR,Rev,Both,Merged
Ri2.4V_rep2_R1_filt.fastq.gz,28354,mergersR,Rev,Both,Merged
Ri2.2V_rep3_R1_filt.fastq.gz,26062,mergersR,Rev,Both,Merged
Urr1.2P_rep1_R1_filt.fastq.gz,8965,mergersR,Rev,Both,Merged
Urr1.4P_rep1_R1_filt.fastq.gz,7911,mergersR,Rev,Both,Merged
Urr1.3P_rep2_R1_filt.fastq.gz,17938,mergersR,Rev,Both,Merged
Ri2.4V_rep3_R1_filt.fastq.gz,28577,mergersR,Rev,Both,Merged
Urr1.1P_rep1_R1_filt.fastq.gz,8084,mergersR,Rev,Both,Merged
Urr1.1V_rep1_R1_filt.fastq.gz,10778,mergersR,Rev,Both,Merged
Ri2.3V_rep3_R1_filt.fastq.gz,21045,mergersR,Rev,Both,Merged
Urr1.3V_rep1_R1_filt.fastq.gz,32453,mergersR,Rev,Both,Merged
Urr1.2V_rep2_R1_filt.fastq.gz,22307,mergersR,Rev,Both,Merged
Urr1.1P_rep2_R1_filt.fastq.gz,9801,mergersR,Rev,Both,Merged
Ri2.1P_rep2_R1_filt.fastq.gz,11689,mergersR,Rev,Both,Merged
Ri2.3P_rep3_R1_filt.fastq.gz,7266,mergersR,Rev,Both,Merged
Ri2.2V_rep2_R1_filt.fastq.gz,24457,mergersR,Rev,Both,Merged
Urr1.1V_rep2_R1_filt.fastq.gz,19598,mergersR,Rev,Both,Merged
Ri2.4P_rep2_R1_filt.fastq.gz,39395,mergersR,Rev,Both,Merged
Ri2.3V_rep2_R1_filt.fastq.gz,31627,mergersR,Rev,Both,Merged
Ri2.1V_rep3_R1_filt.fastq.gz,35888,mergersR,Rev,Both,Merged
Urr1.4V_rep1_R1_filt.fastq.gz,20794,mergersR,Rev,Both,Merged
Urr1.4P_rep2_R1_filt.fastq.gz,10775,mergersR,Rev,Both,Merged
Urr1.3V_rep2_R1_filt.fastq.gz,24101,mergersR,Rev,Both,Merged
Urr1.3P_rep3_R1_filt.fastq.gz,19256,mergersR,Rev,Both,Merged
Urr2.4P_rep1_R1_filt.fastq.gz,14970,mergersR,Rev,Both,Merged
Urr2.1V_rep1_R1_filt.fastq.gz,42605,mergersR,Rev,Both,Merged
Urr2.2P_rep2_R1_filt.fastq.gz,15435,mergersR,Rev,Both,Merged
Urr2.2P_rep1_R1_filt.fastq.gz,20341,mergersR,Rev,Both,Merged
Urr2.4V_rep2_R1_filt.fastq.gz,98664,mergersR,Rev,Both,Merged
Urr2.4P_rep3_R1_filt.fastq.gz,24274,mergersR,Rev,Both,Merged
Urr2.4V_rep3_R1_filt.fastq.gz,33625,mergersR,Rev,Both,Merged
Urr1.4V_rep3_R1_filt.fastq.gz,29687,mergersR,Rev,Both,Merged
Urr2.4V_rep1_R1_filt.fastq.gz,17950,mergersR,Rev,Both,Merged
Urr2.4P_rep2_R1_filt.fastq.gz,30529,mergersR,Rev,Both,Merged
Urr2.3V_rep2_R1_filt.fastq.gz,25679,mergersR,Rev,Both,Merged
Urr2.2P_rep3_R1_filt.fastq.gz,25570,mergersR,Rev,Both,Merged
Urr2.1V_rep3_R1_filt.fastq.gz,18701,mergersR,Rev,Both,Merged
Urr1.1P_rep3_R1_filt.fastq.gz,23004,mergersR,Rev,Both,Merged
Urr1.3V_rep3_R1_filt.fastq.gz,34848,mergersR,Rev,Both,Merged
Urr2.3P_rep1_R1_filt.fastq.gz,23702,mergersR,Rev,Both,Merged
Urr2.2V_rep1_R1_filt.fastq.gz,38050,mergersR,Rev,Both,Merged
Urr2.2V_rep2_R1_filt.fastq.gz,36311,mergersR,Rev,Both,Merged
Urr2.1P_rep3_R1_filt.fastq.gz,15290,mergersR,Rev,Both,Merged
Urr1.2P_rep3_R1_filt.fastq.gz,27944,mergersR,Rev,Both,Merged
Urr2.1P_rep1_R1_filt.fastq.gz,24264,mergersR,Rev,Both,Merged
Urr2.3V_rep3_R1_filt.fastq.gz,45805,mergersR,Rev,Both,Merged
Urr1.4P_rep3_R1_filt.fastq.gz,19728,mergersR,Rev,Both,Merged
Urr2.3V_rep1_R1_filt.fastq.gz,22400,mergersR,Rev,Both,Merged
Urr2.3P_rep3_R1_filt.fastq.gz,17068,mergersR,Rev,Both,Merged
Urr2.1P_rep2_R1_filt.fastq.gz,38182,mergersR,Rev,Both,Merged
Urr2.3P_rep2_R1_filt.fastq.gz,11588,mergersR,Rev,Both,Merged
Urr1.1V_rep3_R1_filt.fastq.gz,37748,mergersR,Rev,Both,Merged
Urr1.2V_rep3_R1_filt.fastq.gz,50112,mergersR,Rev,Both,Merged
Urr2.1V_rep2_R1_filt.fastq.gz,20836,mergersR,Rev,Both,Merged
Urr2.2V_rep3_R1_filt.fastq.gz,13097,mergersR,Rev,Both,Merged
